,,,points,tpm,tpa,offReb,defReb,totReb,assists,pFouls,steals,turnovers,blocks,fga,fgm,fta,ftm,fgp,ftp,tpp
player_id,firstname,lastname,,,,,,,,,,,,,,,,,,
8,LaMarcus,Aldridge,0.24226579520697167,0.03667481662591687,0.04961832061068702,0.24161073825503357,0.26770293609671847,0.2873417721518987,0.04305043050430504,0.20312500000000003,0.10273972602739725,0.10619469026548674,0.23004694835680753,0.24808935920047032,0.2848335388409371,0.1716535433070866,0.17266187050359713,0.5090335314080198,0.8104509060261273,0.5769230769230769
18,Kyle,Anderson,0.2357298474945534,0.10268948655256724,0.12786259541984732,0.26174496644295303,0.5578583765112262,0.5075949367088608,0.24600246002460024,0.375,0.6164383561643836,0.2271386430678466,0.27699530516431925,0.2933568489124045,0.27003699136868065,0.19370078740157481,0.14028776978417265,0.2792896387539615,0.4161979752530933,0.6268656716417911
21,Carmelo,Anthony,0.38823529411764707,0.38875305623471884,0.40076335877862596,0.19463087248322147,0.3488773747841105,0.3291139240506329,0.06888068880688807,0.49687499999999996,0.3150684931506849,0.15634218289085544,0.2535211267605634,0.41857730746619637,0.3785450061652281,0.2551181102362205,0.24280575539568344,0.25575835057258345,0.732013769363167,0.7571428571428571
28,D.J.,Augustin,0.09760348583877995,0.17359413202933985,0.16412213740458015,0.02348993288590604,0.036269430051813475,0.035443037974683546,0.12423124231242313,0.07187500000000002,0.10273972602739725,0.135693215339233,0.004694835680751174,0.10229276895943562,0.08138101109741061,0.06771653543307087,0.0683453237410072,0.20745490110845477,0.8247213779128673,0.8255813953488372
36,Harrison,Barnes,0.5403050108932461,0.3740831295843521,0.3692748091603053,0.27181208053691275,0.5613126079447324,0.5139240506329115,0.22386223862238622,0.259375,0.3698630136986301,0.3185840707964602,0.07042253521126761,0.47971781305114636,0.46855733662145505,0.6566929133858268,0.6187050359712231,0.3299416743828768,0.7143083361610676,0.7906976744186046
38,Will,Barton,0.4583877995642701,0.4180929095354523,0.4446564885496183,0.1610738255033557,0.4991364421416235,0.42658227848101266,0.34686346863468637,0.346875,0.3972602739726027,0.3716814159292035,0.15492957746478875,0.5437977660199882,0.4907521578298397,0.20314960629921258,0.18345323741007194,0.2496455747316021,0.6655209452201933,0.7339055793991416
44,Kent,Bazemore,0.040087145969498916,0.09290953545232274,0.10019083969465649,0.03355704697986577,0.06044905008635579,0.0569620253164557,0.03444034440344404,0.225,0.18493150684931506,0.05604719764011799,0.046948356807511735,0.06995884773662552,0.03452527743526511,0.03307086614173228,0.026978417266187053,0.008665835335772254,0.6045714285714285,0.7238095238095238
45,Bradley,Beal,0.38649237472766884,0.16381418092909536,0.21564885496183206,0.11409395973154364,0.21588946459412778,0.20126582278481014,0.3284132841328413,0.26875,0.2671232876712329,0.3805309734513274,0.08450704225352113,0.44150499706055263,0.406905055487053,0.33385826771653543,0.3183453237410072,0.27298038195202834,0.7330246913580245,0.5929203539823009
46,Malik,Beasley,0.42091503267973857,0.6259168704156479,0.6583969465648855,0.08389261744966443,0.3402417962003454,0.2810126582278481,0.13899138991389914,0.265625,0.3013698630136986,0.12094395280235988,0.07042253521126761,0.5167548500881834,0.41553637484586925,0.10551181102362205,0.09532374100719425,0.14603541527644015,0.6751173708920188,0.7420289855072464
53,Patrick,Beverley,0.23398692810457516,0.23227383863080683,0.27003816793893126,0.22818791946308722,0.29533678756476683,0.30253164556962026,0.3665436654366544,0.6062500000000001,0.5205479452054793,0.23893805309734512,0.29107981220657275,0.2657260435038213,0.21454993834771888,0.24724409448818896,0.19964028776978418,0.16831981158987186,0.5292517006802722,0.6713780918727915
59,Eric,Bledsoe,0.20261437908496732,0.12469437652811736,0.15744274809160305,0.087248322147651,0.2089810017271157,0.1860759493670886,0.27921279212792127,0.228125,0.4794520547945205,0.3303834808259587,0.09859154929577466,0.24926513815402707,0.2096177558569667,0.1889763779527559,0.16366906474820145,0.20401197368161073,0.6146697388632871,0.6181818181818182
64,Devin,Booker,0.8745098039215686,0.5281173594132029,0.5324427480916031,0.174496644295302,0.5250431778929188,0.4506329113924051,0.44649446494464945,0.596875,0.5821917808219177,0.5634218289085545,0.14084507042253522,0.9194591416813639,0.8927250308261406,0.6519685039370078,0.6474820143884893,0.3185233345074908,0.7871496924128503,0.7741935483870968
68,Avery,Bradley,0.1420479302832244,0.20537897310513448,0.20706106870229007,0.09060402684563759,0.11571675302245249,0.1189873417721519,0.04551045510455104,0.321875,0.3835616438356164,0.07964601769911504,0.04225352112676056,0.17989417989417988,0.15166461159062886,0.023622047244094488,0.023381294964028777,0.21861516206384224,0.8265664160401003,0.7741935483870968
71,Malcolm,Brogdon,0.2762527233115468,0.1491442542787286,0.18416030534351144,0.10067114093959732,0.2072538860103627,0.189873417721519,0.25338253382533826,0.17500000000000002,0.2054794520547945,0.21238938053097345,0.06572769953051644,0.29747207524985303,0.27743526510480887,0.26141732283464564,0.2517985611510791,0.2912907625704352,0.7480112044817926,0.6321243523316062
75,Jaylen,Brown,0.8945533769063181,0.5623471882640587,0.607824427480916,0.2751677852348993,0.77720207253886,0.6734177215189874,0.3763837638376384,0.678125,0.6506849315068493,0.71976401179941,0.13615023474178403,0.9359200470311582,0.9235511713933416,0.7102362204724408,0.6151079136690648,0.3357446638876801,0.605295656724228,0.7221350078492935
82,Reggie,Bullock,0.30239651416122004,0.4767726161369193,0.5038167938931297,0.12416107382550336,0.4231433506044905,0.3569620253164557,0.12423124231242313,0.440625,0.41780821917808214,0.10914454277286136,0.07042253521126761,0.3509700176366843,0.2860665844636252,0.09763779527559055,0.09352517985611512,0.16708994173392921,0.7503607503607503,0.7386363636363636
83,Trey,Burke,0.08017429193899782,0.07579462102689487,0.09541984732824427,0.0,0.0,0.0,0.06888068880688807,0.07500000000000001,0.08904109589041095,0.05014749262536873,0.0,0.11581422692533805,0.08877928483353884,0.04566929133858268,0.046762589928057555,0.17384902791391155,0.8502164502164502,0.62
84,Alec,Burks,0.38605664488017427,0.39853300733496333,0.38740458015267176,0.1442953020134228,0.547495682210708,0.4556962025316456,0.2853628536285363,0.634375,0.5890410958904109,0.23893805309734512,0.13145539906103287,0.40681951793062904,0.32305795314426633,0.415748031496063,0.38848920863309355,0.14124733522314759,0.7049040511727078,0.8029556650246306
86,Jimmy,Butler,0.7128540305010893,0.12469437652811736,0.1784351145038168,0.46308724832214765,0.4939550949913644,0.5367088607594938,0.4698646986469865,0.3,0.8972602739726028,0.40117994100294985,0.1784037558685446,0.6584362139917695,0.6707768187422934,0.9385826771653543,0.9244604316546764,0.3723015261973265,0.7748253968253966,0.5454545454545454
89,Kentavious,Caldwell-Pope,0.4174291938997821,0.4058679706601467,0.4017175572519084,0.1308724832214765,0.32642487046632124,0.28860759493670884,0.16974169741697417,0.390625,0.5821917808219177,0.2743362831858407,0.13615023474178403,0.46149323927101704,0.41553637484586925,0.24094488188976376,0.24280575539568344,0.2499740859010583,0.8111010009099182,0.7885985748218527
114,Mike,Conley,0.4309368191721133,0.4449877750611247,0.43225190839694655,0.15436241610738255,0.2659758203799654,0.25316455696202533,0.4993849938499385,0.446875,0.6986301369863013,0.3775811209439528,0.107981220657277,0.4767783656672545,0.4217016029593095,0.27874015748031494,0.2517985611510791,0.23262950623972067,0.6631938963430675,0.8035320088300221
115,Pat,Connaughton,0.3089324618736383,0.43765281173594134,0.4360687022900763,0.15436241610738255,0.4265975820379965,0.37088607594936707,0.1094710947109471,0.2625,0.4246575342465753,0.09439528023598821,0.0892018779342723,0.32510288065843623,0.3070283600493219,0.09133858267716535,0.0881294964028777,0.3016042331389056,0.7608294930875577,0.7833698030634574
117,DeMarcus,Cousins,0.17342047930283225,0.10024449877750612,0.12213740458015267,0.24496644295302014,0.2970639032815198,0.310126582278481,0.07872078720787208,0.40625,0.2465753424657534,0.23893805309734512,0.10328638497652583,0.17225161669606115,0.16769420468557336,0.2141732283464567,0.18345323741007194,0.34325891710941037,0.5998639455782313,0.640625
118,Robert,Covington,0.24618736383442263,0.33251833740831294,0.34351145038167935,0.20134228187919462,0.544041450777202,0.4746835443037975,0.0996309963099631,0.5750000000000001,0.7328767123287672,0.1976401179941003,0.4460093896713615,0.27630805408583187,0.2342786683107275,0.12283464566929134,0.11870503597122302,0.20760827219677436,0.7588850174216026,0.7555555555555555
121,Jae,Crowder,0.3015250544662309,0.37163814180929094,0.424618320610687,0.11744966442953021,0.6113989637305699,0.49240506329113926,0.1795817958179582,0.64375,0.7397260273972601,0.1976401179941003,0.17370892018779344,0.35978835978835977,0.2897657213316893,0.1779527559055118,0.1564748201438849,0.15637856289005492,0.6338624338624339,0.6831460674157304
123,Seth,Curry,0.4222222222222222,0.43276283618581907,0.39503816793893126,0.06711409395973154,0.26770293609671847,0.22151898734177217,0.2853628536285363,0.49375,0.39041095890410954,0.30973451327433627,0.08450704225352113,0.4391534391534392,0.44636251541307026,0.15748031496062992,0.1528776978417266,0.3725212476033576,0.7623626373626373,0.855072463768116
124,Stephen,Curry,1.0,1.0,1.0,0.14093959731543623,0.6718480138169256,0.5455696202531646,0.6543665436654367,0.546875,0.8424657534246576,0.7935103244837758,0.15492957746478875,1.0,0.9321824907521579,0.6913385826771654,0.7032374100719425,0.2756207727599401,0.821476942921638,0.7805343511450382
126,Anthony,Davis,0.3908496732026144,0.03667481662591687,0.07347328244274809,0.3523489932885906,0.46286701208981,0.47215189873417723,0.14268142681426815,0.259375,0.3835616438356164,0.21533923303834807,0.4460093896713615,0.4009406231628454,0.4352651048088779,0.4346456692913386,0.3471223021582734,0.44537180186423797,0.5115986394557823,0.38961038961038963
131,Dewayne,Dedmon,0.17429193899782136,0.0488997555012225,0.05629770992366412,0.38926174496644295,0.48186528497409326,0.5000000000000001,0.04920049200492005,0.628125,0.1643835616438356,0.21238938053097345,0.22065727699530516,0.1657848324514991,0.19112207151664612,0.184251968503937,0.1564748201438849,0.5117451583751816,0.5914994096812278,0.6779661016949152
136,DeMar,DeRozan,0.9647058823529413,0.1295843520782396,0.15267175572519084,0.1879194630872483,0.5906735751295336,0.5037974683544304,0.4920049200492005,0.5593750000000001,0.5205479452054793,0.56047197640118,0.13145539906103287,0.9635508524397414,1.0,1.0,1.0,0.3914144492733175,0.7963037484164244,0.6625
142,Spencer,Dinwiddie,0.49803921568627446,0.38875305623471884,0.4217557251908397,0.16442953020134227,0.42141623488773744,0.37088607594936707,0.5129151291512916,0.5625,0.4041095890410959,0.3775811209439528,0.0892018779342723,0.5332157554379776,0.4586929716399507,0.5165354330708662,0.46223021582733814,0.20503815658077118,0.6476477337923121,0.7194570135746606
147,Andre,Drummond,0.25620915032679736,0.0,0.0028625954198473282,0.8187919463087249,0.773747841105354,0.8759493670886077,0.16359163591635917,0.609375,0.5890410958904109,0.36578171091445427,0.36619718309859156,0.25396825396825395,0.3094944512946979,0.30866141732283464,0.18525179856115107,0.5793166649879932,0.23385714285714287,0.0
153,Kevin,Durant,0.7616557734204792,0.31784841075794623,0.3215648854961832,0.09731543624161074,0.6632124352331605,0.5227848101265823,0.4661746617466175,0.353125,0.36301369863013694,0.6106194690265486,0.26760563380281693,0.7037037037037037,0.750924784217016,0.7244094488188977,0.7500000000000001,0.4241547053950606,0.8473111658456487,0.771513353115727
157,Wayne,Ellington,0.09760348583877995,0.21026894865525672,0.2166030534351145,0.020134228187919462,0.07253886010362695,0.060759493670886074,0.025830258302583026,0.09687500000000002,0.1506849315068493,0.02359882005899705,0.028169014084507043,0.1164021164021164,0.08877928483353884,0.02204724409448819,0.019784172661870505,0.17011974141111896,0.7253968253968255,0.7577092511013216
169,Derrick,Favors,0.05708061002178649,0.004889975550122249,0.016221374045801526,0.18456375838926173,0.15889464594127806,0.1860759493670886,0.014760147601476013,0.14375000000000002,0.10273972602739725,0.0,0.056338028169014086,0.07583774250440917,0.08261405672009864,0.03307086614173228,0.02158273381294964,0.4571211227372932,0.4068571428571428,0.23529411764705882
175,Dorian,Finney-Smith,0.44531590413943356,0.5378973105134475,0.5257633587786259,0.5268456375838926,0.5008635578583764,0.5658227848101266,0.21894218942189422,0.69375,0.7191780821917808,0.2713864306784661,0.23004694835680753,0.4744268077601411,0.4599260172626387,0.1700787401574803,0.13129496402877697,0.32235319687535957,0.48511904761904767,0.7985480943738656
176,Bryn,Forbes,0.28845315904139435,0.33985330073349634,0.3177480916030534,0.026845637583892613,0.09153713298791019,0.07721518987341772,0.0910209102091021,0.278125,0.17123287671232876,0.1504424778761062,0.023474178403755867,0.32098765432098764,0.2823674475955611,0.14488188976377953,0.1474820143884892,0.23572415381072986,0.8283730158730158,0.8348348348348348
186,Rudy,Gay,0.15729847494553376,0.17114914425427874,0.19370229007633588,0.1711409395973154,0.25734024179620035,0.25316455696202533,0.052890528905289044,0.240625,0.15753424657534246,0.10619469026548674,0.0892018779342723,0.18753674309229865,0.15413070283600494,0.11811023622047244,0.10431654676258993,0.19662382675786327,0.6454490657022303,0.6896551724137931
189,Paul,George,0.31285403050108934,0.24205378973105135,0.26622137404580154,0.026845637583892613,0.30569948186528495,0.23417721518987344,0.2140221402214022,0.19375,0.47260273972602734,0.35693215339233036,0.06103286384976526,0.36331569664902996,0.310727496917386,0.24566929133858267,0.23741007194244604,0.20763473888900652,0.7528571428571429,0.7096774193548387
190,Taj,Gibson,0.08235294117647059,0.04156479217603912,0.04103053435114504,0.2986577181208054,0.20552677029360966,0.26329113924050634,0.02952029520295203,0.421875,0.15753424657534246,0.0471976401179941,0.20187793427230047,0.07995296884185774,0.09001233045622689,0.08346456692913386,0.07733812949640288,0.4854263048405626,0.7109440267335003,0.7906976744186046
195,Aaron,Gordon,0.49978213507625274,0.22982885085574573,0.27385496183206104,0.47315436241610737,0.5336787564766838,0.569620253164557,0.24354243542435422,0.46875,0.30821917808219174,0.3864306784660767,0.23943661971830987,0.5055849500293945,0.5388409371146733,0.4204724409448819,0.3525179856115108,0.4237702342590931,0.5683359690739764,0.6550522648083623
196,Eric,Gordon,0.2989106753812636,0.3080684596577017,0.2900763358778626,0.036912751677852344,0.10535405872193437,0.0911392405063291,0.17589175891758918,0.14375000000000002,0.18493150684931506,0.2831858407079646,0.08450704225352113,0.2980599647266314,0.29346485819975343,0.2062992125984252,0.18165467625899281,0.34390039432421526,0.6338624338624339,0.8289473684210527
200,Jerami,Grant,0.38910675381263615,0.2371638141809291,0.2595419847328244,0.08389261744966443,0.2400690846286701,0.20759493670886076,0.13407134071340712,0.29375,0.2945205479452055,0.2448377581120944,0.24413145539906103,0.4062316284538507,0.35635018495684345,0.4440944881889764,0.42266187050359716,0.2279659866682141,0.7292374292374291,0.7132352941176471
203,Danny,Green,0.17559912854030502,0.33985330073349634,0.34541984732824427,0.13758389261744966,0.2072538860103627,0.20379746835443036,0.07749077490774907,0.346875,0.4863013698630137,0.13864306784660768,0.19248826291079812,0.21575543797766022,0.16892725030826142,0.01732283464566929,0.012589928057553958,0.15272441028246075,0.5606349206349206,0.7679558011049724
204,Draymond,Green,0.20217864923747275,0.06601466992665037,0.09637404580152671,0.2348993288590604,0.6908462867012088,0.5949367088607596,0.5658056580565806,0.665625,0.6164383561643836,0.5811209439528023,0.3474178403755869,0.21340388007054675,0.22441430332922316,0.2204724409448819,0.1618705035971223,0.414562976596207,0.4279100529100528,0.5346534653465347
206,JaMychal,Green,0.17037037037037037,0.08801955990220049,0.13549618320610687,0.2852348993288591,0.3177892918825561,0.34050632911392403,0.06396063960639606,0.503125,0.2945205479452055,0.15634218289085544,0.13145539906103287,0.17871840094062316,0.17385943279901356,0.16062992125984252,0.1618705035971223,0.34172307262396384,0.813477088948787,0.5070422535211268
207,Jeff,Green,0.32156862745098036,0.1466992665036675,0.1765267175572519,0.15436241610738255,0.28842832469775476,0.26962025316455696,0.10824108241082411,0.459375,0.21232876712328766,0.20353982300884954,0.15023474178403756,0.29747207524985303,0.32182490752157833,0.33070866141732286,0.31115107913669066,0.44251844928472306,0.7151312861593235,0.6486486486486487
208,Blake,Griffin,0.12766884531590414,0.10268948655256724,0.1498091603053435,0.19798657718120805,0.2383419689119171,0.24936708860759493,0.12546125461254612,0.26875,0.18493150684931506,0.07079646017699115,0.07511737089201878,0.157554379776602,0.1319358816276202,0.11968503937007874,0.09712230215827339,0.2192885560403094,0.5469047619047618,0.535031847133758
215,Tim,Hardaway Jr.,0.23790849673202613,0.2665036674816626,0.3053435114503817,0.036912751677852344,0.19516407599309155,0.1569620253164557,0.1070110701107011,0.178125,0.2465753424657534,0.06784660766961652,0.03755868544600939,0.29218106995884774,0.23181257706535144,0.16377952755905512,0.14028776978417265,0.15079502270406453,0.6033509700176367,0.68125
216,James,Harden,0.6993464052287581,0.44254278728606355,0.5152671755725191,0.21140939597315436,0.8186528497409327,0.679746835443038,0.958179581795818,0.53125,0.6232876712328768,0.991150442477876,0.20657276995305165,0.6584362139917695,0.5573366214549939,0.9669291338582677,0.9658273381294965,0.1869265708633716,0.7947141316073354,0.6703703703703704
218,Montrezl,Harrell,0.39694989106753814,0.009779951100244499,0.01717557251908397,0.5268456375838926,0.45077720207253885,0.529113924050633,0.16974169741697417,0.390625,0.2054794520547945,0.19174041297935102,0.23943661971830987,0.31216931216931215,0.4241676942046856,0.5133858267716536,0.4244604316546763,0.724368019752934,0.5506493506493506,0.4444444444444444
220,Gary,Harris,0.2701525054466231,0.2885085574572127,0.29770992366412213,0.10738255033557047,0.09153713298791019,0.10759493670886075,0.12300123001230012,0.3,0.4041095890410959,0.1504424778761062,0.056338028169014086,0.3062904174015285,0.27127003699136865,0.14330708661417324,0.1420863309352518,0.24295661236556743,0.7918796992481203,0.7564102564102564
222,Tobias,Harris,0.6052287581699347,0.30317848410757947,0.3187022900763359,0.2818791946308725,0.8031088082901554,0.6949367088607595,0.3419434194341944,0.565625,0.4041095890410959,0.36578171091445427,0.24882629107981222,0.6660787771898883,0.6744759556103577,0.35118110236220473,0.3381294964028777,0.36563345954349014,0.7459618208516887,0.7425149700598802
227,Gordon,Hayward,0.30501089324618735,0.21271393643031786,0.21183206106870228,0.12080536912751678,0.25734024179620035,0.23417721518987344,0.20418204182041821,0.21562500000000004,0.30821917808219174,0.21238938053097345,0.10328638497652583,0.3315696649029982,0.313193588162762,0.22992125984251968,0.21942446043165467,0.301442621169311,0.7363809523809524,0.7837837837837838
237,George,Hill,0.11721132897603487,0.10268948655256724,0.13740458015267176,0.12416107382550336,0.15716753022452504,0.1620253164556962,0.14022140221402213,0.20000000000000004,0.2876712328767123,0.10619469026548674,0.028169014084507043,0.13815402704291593,0.11344019728729962,0.10551181102362205,0.10791366906474821,0.2111059128634527,0.8375586854460093,0.5833333333333334
242,Jrue,Holiday,0.612636165577342,0.39119804400978,0.3883587786259542,0.2651006711409396,0.45077720207253885,0.43037974683544306,0.6629766297662977,0.453125,0.8972602739726028,0.6194690265486725,0.17370892018779344,0.6801881246325691,0.6794081381011098,0.3291338582677165,0.28956834532374104,0.350691777376109,0.6287055667337356,0.7862407862407862
243,Justin,Holiday,0.2962962962962963,0.44254278728606355,0.46564885496183206,0.08389261744966443,0.21588946459412778,0.189873417721519,0.14145141451414514,0.428125,0.3767123287671233,0.17699115044247787,0.15492957746478875,0.36037624926513817,0.2897657213316893,0.09133858267716535,0.0827338129496403,0.1549748697954092,0.68110599078341,0.7418032786885246
246,Richaun,Holmes,0.18257080610021786,0.004889975550122249,0.004770992366412214,0.325503355704698,0.3488773747841105,0.37848101265822787,0.05043050430504305,0.3625,0.1232876712328767,0.13864306784660768,0.20657276995305165,0.157554379776602,0.2219482120838471,0.15433070866141732,0.13309352517985612,0.7484573873124084,0.6123249299719886,0.8
247,Rodney,Hood,0.03398692810457517,0.07334963325183375,0.08874045801526717,0.036912751677852344,0.04145077720207255,0.04430379746835444,0.030750307503075027,0.04687500000000001,0.08904109589041095,0.0058997050147492625,0.028169014084507043,0.05878894767783657,0.032059186189889025,0.023622047244094488,0.023381294964028777,0.0735859052379918,0.8265664160401003,0.6451612903225806
249,Danuel,House Jr.,0.08540305010893245,0.11246943765281174,0.12786259541984732,0.07046979865771813,0.13644214162348878,0.12658227848101267,0.04920049200492005,0.13437500000000002,0.14383561643835616,0.09144542772861357,0.08450704225352113,0.10464432686654909,0.07398273736128237,0.10078740157480315,0.08453237410071943,0.1307790231937157,0.588095238095238,0.6865671641791045
250,Dwight,Howard,0.14291938997821352,0.019559902200488997,0.015267175572519083,0.4261744966442953,0.36787564766839376,0.43037974683544306,0.03198031980319803,0.35625,0.2328767123287671,0.12094395280235988,0.18779342723004694,0.10934744268077601,0.14426633785450063,0.2503937007874016,0.18525179856115107,0.6518055459841711,0.4339468302658487,1.0
256,Andre,Iguodala,0.024836601307189544,0.04645476772616137,0.08015267175572519,0.0738255033557047,0.10189982728842834,0.10253164556962024,0.15744157441574416,0.10937500000000003,0.19863013698630136,0.07669616519174041,0.11267605633802817,0.04820693709582599,0.025893958076448828,0.029921259842519685,0.023381294964028777,0.09912036881143416,0.5701863354037267,0.4523809523809524
260,Brandon,Ingram,0.6074074074074074,0.20782396088019559,0.24427480916030533,0.12080536912751678,0.5025906735751295,0.4139240506329114,0.4231242312423124,0.375,0.2602739726027397,0.504424778761062,0.1267605633802817,0.6407995296884186,0.625154130702836,0.5968503937007874,0.5611510791366907,0.3260804362000701,0.7117742136018899,0.6640625
264,Reggie,Jackson,0.54640522875817,0.43765281173594134,0.5152671755725191,0.12416107382550336,0.36614853195164077,0.31518987341772153,0.44649446494464945,0.46562499999999996,0.3835616438356164,0.504424778761062,0.07511737089201878,0.7207524985302763,0.5844636251541308,0.27086614173228346,0.2589928057553957,0.14721679613228988,0.7378787878787878,0.662962962962963
265,LeBron,James,0.7010893246187364,0.38386308068459657,0.4312977099236641,0.19463087248322147,0.6269430051813472,0.5329113924050634,0.42558425584255843,0.334375,0.5273972602739725,0.5722713864306784,0.28169014084507044,0.6948853615520282,0.7570900123304563,0.5023622047244094,0.43345323741007197,0.44836976208700696,0.6021229544449358,0.6946902654867256
276,Stanley,Johnson,0.10806100217864922,0.08801955990220049,0.10687022900763359,0.1040268456375839,0.15889464594127806,0.15569620253164557,0.08610086100861009,0.309375,0.28082191780821913,0.07669616519174041,0.06572769953051644,0.11934156378600824,0.10974106041923551,0.11338582677165354,0.09172661870503598,0.30558615543157674,0.5447368421052632,0.6428571428571429
281,Damian,Jones,0.1625272331154684,0.02444987775061125,0.02862595419847328,0.24161073825503357,0.23316062176165803,0.2620253164556962,0.07257072570725707,0.3625,0.1643835616438356,0.14454277286135692,0.22065727699530516,0.12286890064667844,0.17879161528976573,0.2,0.1618705035971223,0.7761594578194978,0.5346419483824063,0.6666666666666666
283,Derrick,Jones Jr.,0.10108932461873638,0.05623471882640587,0.0715648854961832,0.2046979865771812,0.13471502590673576,0.1759493670886076,0.027060270602706025,0.30625,0.1643835616438356,0.06489675516224189,0.15492957746478875,0.09465020576131689,0.10480887792848337,0.11181102362204724,0.10071942446043167,0.47044120843294934,0.6704761904761904,0.6133333333333333
285,Tyus,Jones,0.3032679738562091,0.254278728606357,0.2547709923664122,0.06375838926174497,0.2918825561312608,0.2379746835443038,0.46248462484624847,0.08750000000000002,0.5684931506849316,0.15634218289085544,0.023474178403755867,0.36507936507936506,0.33292231812577067,0.12913385826771653,0.12410071942446045,0.2660923166482675,0.7509413067552602,0.7790262172284644
286,DeAndre,Jordan,0.07450980392156863,0.0,0.0,0.2852348993288591,0.31088082901554404,0.33544303797468356,0.015990159901599018,0.209375,0.08904109589041095,0.09144542772861357,0.20187793427230047,0.06349206349206349,0.0998766954377312,0.07716535433070866,0.046762589928057555,0.8109358990281618,0.284995507637017,
303,Jeremy,Lamb,0.15729847494553376,0.1393643031784841,0.17270992366412213,0.07718120805369127,0.17616580310880828,0.15822784810126583,0.08979089790897908,0.14375000000000002,0.19863013698630136,0.07964601769911504,0.11267605633802817,0.18342151675485008,0.13933415536374846,0.1763779527559055,0.17086330935251798,0.13845955647790453,0.7585385878489326,0.6298342541436464
308,Zach,LaVine,0.7533769063180829,0.5061124694376528,0.5,0.06375838926174497,0.4922279792746114,0.3848101265822785,0.4059040590405904,0.35625,0.3219178082191781,0.5457227138643067,0.12206572769953052,0.7383891828336273,0.7348951911220716,0.6377952755905512,0.6241007194244605,0.3463093459925787,0.7663523110955874,0.7900763358778626
317,Caris,LeVert,0.4047930283224401,0.21271393643031786,0.2547709923664122,0.1308724832214765,0.2452504317789292,0.2291139240506329,0.3038130381303813,0.375,0.36301369863013694,0.2949852507374631,0.107981220657277,0.4814814814814815,0.43896424167694204,0.30551181102362207,0.2643884892086331,0.26120675650715486,0.6088985088985088,0.651685393258427
322,Kevon,Looney,0.23877995642701527,0.0,0.0009541984732824427,0.9194630872483222,0.8203799654576855,0.9481012658227849,0.25830258302583026,0.8093750000000001,0.4315068493150685,0.23303834808259583,0.3051643192488263,0.23868312757201648,0.29716399506781754,0.2251968503937008,0.14928057553956833,0.6045996251981048,0.3275024295432458,0.0
323,Brook,Lopez,0.10631808278867103,0.07090464547677261,0.08969465648854962,0.15436241610738255,0.09326424870466321,0.12658227848101267,0.0024600246002460004,0.178125,0.0958904109589041,0.0471976401179941,0.20657276995305165,0.12345679012345678,0.11837237977805179,0.07244094488188976,0.07194244604316548,0.3388683619503007,0.8022857142857143,0.6170212765957447
325,Robin,Lopez,0.07538126361655774,0.004889975550122249,0.006679389312977099,0.22147651006711408,0.04317789291882557,0.11518987341772152,0.055350553505535055,0.15625000000000003,0.0,0.10619469026548674,0.10328638497652583,0.08759553203997648,0.09864364981504317,0.07874015748031496,0.05035971223021583,0.48583259932051404,0.328747795414462,0.5714285714285714
327,Kyle,Lowry,0.37603485838779954,0.3960880195599022,0.4312977099236641,0.11744966442953021,0.4404145077720207,0.3670886075949367,0.6543665436654367,0.61875,0.5890410958904109,0.5486725663716814,0.11737089201877934,0.3991769547325103,0.3415536374845869,0.30866141732283464,0.2949640287769784,0.20585996631314196,0.7363809523809524,0.7168141592920354
341,Wesley,Matthews,0.10370370370370371,0.17359413202933985,0.19274809160305342,0.11744966442953021,0.08981001727115717,0.11012658227848102,0.04551045510455104,0.3,0.2054794520547945,0.038348082595870206,0.051643192488262914,0.13168724279835392,0.09864364981504317,0.05196850393700787,0.04316546762589929,0.14935210043132074,0.5992277992277992,0.7029702970297029
347,CJ,McCollum,0.6610021786492375,0.5158924205378973,0.5286259541984732,0.2046979865771812,0.3765112262521589,0.3531645569620253,0.4317343173431734,0.396875,0.5136986301369864,0.4188790560471976,0.13615023474178403,0.7771898883009994,0.7311960542540075,0.3165354330708661,0.24640287769784175,0.28696232902241403,0.4856213704994192,0.7617328519855595
348,T.J.,McConnell,0.0710239651416122,0.03178484107579462,0.03912213740458015,0.08053691275167786,0.06908462867012091,0.08101265822784809,0.16974169741697417,0.12500000000000003,0.25342465753424653,0.07374631268436578,0.051643192488262914,0.10052910052910052,0.09247842170160295,0.03307086614173228,0.030575539568345324,0.3130220138479213,0.7363809523809524,0.6341463414634146
351,Doug,McDermott,0.2357298474945534,0.2860635696821516,0.2643129770992366,0.06040268456375839,0.11398963730569947,0.10632911392405062,0.07380073800738007,0.23125000000000004,0.0821917808219178,0.10324483775811209,0.03286384976525822,0.26161081716637274,0.2466091245376079,0.08188976377952756,0.07374100719424462,0.303992890051883,0.6763605442176872,0.8447653429602888
354,Rodney,McGruder,0.08496732026143791,0.14425427872860636,0.1412213740458015,0.09731543624161074,0.07772020725388601,0.09367088607594937,0.04428044280442804,0.12812500000000002,0.136986301369863,0.04424778761061947,0.03286384976525822,0.10229276895943562,0.08508014796547472,0.03464566929133858,0.026978417266187053,0.23793740491197568,0.5564102564102562,0.7972972972972973
355,Ben,McLemore,0.25054466230936817,0.37163814180929094,0.4064885496183206,0.030201342281879193,0.09671848013816925,0.08227848101265822,0.06150061500615006,0.26875,0.2602739726027397,0.15929203539823006,0.051643192488262914,0.28865373309817755,0.22934648581997533,0.13228346456692913,0.1223021582733813,0.1523909226708784,0.7004329004329004,0.7136150234741784
361,Khris,Middleton,0.5721132897603485,0.4254278728606357,0.4379770992366412,0.13758389261744966,0.5112262521588946,0.42658227848101266,0.45018450184501846,0.48124999999999996,0.5342465753424657,0.5752212389380531,0.0892018779342723,0.5961199294532628,0.5499383477188656,0.46614173228346456,0.4748201438848921,0.2698957841324269,0.8242539682539682,0.7581699346405228
373,Marcus,Morris Sr.,0.3416122004357298,0.2591687041564792,0.2767175572519084,0.08389261744966443,0.312607944732297,0.2607594936708861,0.13038130381303814,0.31875,0.1780821917808219,0.17699115044247787,0.08450704225352113,0.38918283362727807,0.3477188655980271,0.23937007874015748,0.2356115107913669,0.24573394558933048,0.7782051282051283,0.7310344827586207
382,Dejounte,Murray,0.6335511982570805,0.254278728606357,0.30248091603053434,0.2751677852348993,0.8203799654576855,0.7050632911392406,0.7884378843788438,0.40625,0.9657534246575341,0.528023598820059,0.12206572769953052,0.7413286302175192,0.716399506781751,0.4031496062992126,0.368705035971223,0.3150166808683431,0.6768131868131868,0.6561514195583596
384,Mike,Muscala,0.12636165577342048,0.18092909535452323,0.16698473282442747,0.06375838926174497,0.13298791018998274,0.12151898734177216,0.012300123001230012,0.13125,0.11643835616438356,0.008849557522123894,0.1267605633802817,0.12463256907701353,0.11344019728729962,0.09291338582677165,0.0881294964028777,0.2956150836774615,0.7384731670445956,0.8457142857142858
385,Larry,Nance Jr.,0.13594771241830064,0.061124694376528114,0.07919847328244274,0.32214765100671144,0.309153713298791,0.34810126582278483,0.1057810578105781,0.278125,0.3287671232876712,0.10619469026548674,0.11267605633802817,0.14285714285714285,0.15906288532675708,0.10708661417322834,0.0827338129496403,0.4750570797136223,0.4965608465608464,0.6024096385542169
391,Georges,Niang,0.30806100217864923,0.43765281173594134,0.4265267175572519,0.09060402684563759,0.2780656303972366,0.2379746835443038,0.13407134071340712,0.6687500000000001,0.25342465753424653,0.16814159292035397,0.07042253521126761,0.34156378600823045,0.30456226880394577,0.09291338582677165,0.09172661870503598,0.24657649205337917,0.7907785336356765,0.8008948545861297
394,Nerlens,Noel,0.0,0.0,0.0028625954198473282,0.14765100671140938,0.09499136442141623,0.12531645569620253,0.012300123001230012,0.153125,0.18493150684931506,0.02654867256637168,0.14553990610328638,0.0,0.0,0.04094488188976378,0.030575539568345324,0.47976526841990885,0.5057142857142856,0.0
403,Victor,Oladipo,0.07538126361655774,0.07823960880195599,0.09351145038167939,0.010067114093959733,0.05008635578583766,0.04050632911392405,0.056580565805658053,0.07500000000000001,0.1506849315068493,0.08849557522123894,0.023474178403755867,0.08759553203997648,0.06535141800246609,0.10708661417322834,0.09352517985611512,0.17867397247737915,0.6338624338624339,0.6530612244897959
407,Kelly,Oubre Jr.,0.46187363834422657,0.46943765281173594,0.5343511450381679,0.2516778523489933,0.32815198618307423,0.33544303797468356,0.08733087330873308,0.5437500000000001,0.5136986301369864,0.16814159292035397,0.1643192488262911,0.5191064079952968,0.46979038224414305,0.29448818897637796,0.22122302158273383,0.2530116441559226,0.4479182248815756,0.6857142857142857
415,Chris,Paul,0.489760348583878,0.20782396088019559,0.24427480916030533,0.08389261744966443,0.4732297063903282,0.37848101265822787,1.0,0.50625,0.9589041095890409,0.5250737463126843,0.10328638497652583,0.5002939447383892,0.527743526510481,0.3700787401574803,0.3597122302158273,0.4122553895242075,0.7587168758716876,0.6640625
417,Cameron,Payne,0.2745098039215686,0.19070904645476772,0.24427480916030533,0.09060402684563759,0.2383419689119171,0.2088607594936709,0.3923739237392374,0.40625,0.33561643835616434,0.3333333333333333,0.08450704225352113,0.37742504409171074,0.30086313193588166,0.15118110236220472,0.14568345323741008,0.14648989350141273,0.7528571428571429,0.609375
418,Elfrid,Payton,0.04183006535947713,0.012224938875305624,0.019083969465648856,0.06375838926174497,0.06735751295336787,0.07341772151898734,0.12792127921279212,0.07187500000000002,0.21232876712328766,0.12094395280235988,0.03755868544600939,0.0823045267489712,0.06041923551171394,0.047244094488188976,0.01798561151079137,0.17463540534666389,0.03081232492997188,0.5
426,Mason,Plumlee,0.1738562091503268,0.0,0.0019083969465648854,0.6006711409395973,0.6234887737478412,0.6835443037974684,0.27060270602706027,0.6625,0.4041095890410959,0.2831858407079646,0.24413145539906103,0.15520282186948853,0.21701602959309493,0.26614173228346455,0.11510791366906475,0.7380762636141901,0.0,0.0
430,Otto,Porter Jr.,0.2601307189542484,0.28117359413202936,0.27862595419847325,0.325503355704698,0.540587219343696,0.518987341772152,0.15252152521525214,0.328125,0.595890410958904,0.11799410029498526,0.17370892018779344,0.27807172251616696,0.27003699136868065,0.12283464566929134,0.10971223021582735,0.33136751819593846,0.6584204413472707,0.7876712328767124
431,Bobby,Portis,0.47668845315904135,0.3594132029339853,0.36736641221374045,0.6778523489932886,0.9222797927461139,0.9316455696202532,0.1008610086100861,0.56875,0.3835616438356164,0.2802359882005899,0.2535211267605634,0.5443856554967667,0.5339087546239211,0.2062992125984252,0.17625899280575538,0.3329917034527726,0.5972486772486771,0.7636363636363637
434,Norman,Powell,0.3660130718954248,0.2787286063569682,0.26240458015267176,0.057046979865771806,0.17443868739205526,0.14936708860759493,0.1045510455104551,0.30625,0.2876712328767123,0.19469026548672563,0.10328638497652583,0.3562610229276896,0.3366214549938348,0.3874015748031496,0.35431654676258995,0.30055011542731613,0.6770666666666667,0.8290909090909091
437,Taurean,Prince,0.20958605664488017,0.2396088019559902,0.25095419847328243,0.08053691275167786,0.22107081174438686,0.19240506329113924,0.07995079950799508,0.334375,0.3493150684931507,0.13864306784660768,0.11267605633802817,0.2275132275132275,0.20715166461159062,0.13385826771653542,0.11510791366906475,0.27551203488007425,0.6112359550561797,0.7452471482889734
441,Julius,Randle,0.6239651416122005,0.3105134474327628,0.3893129770992366,0.4228187919463087,1.0,0.8924050632911393,0.45018450184501846,0.603125,0.3698630136986301,0.7079646017699115,0.18779342723004694,0.7260435038212816,0.6214549938347719,0.6566929133858268,0.564748201438849,0.195795441481162,0.596900803076575,0.6225490196078431
446,Josh,Richardson,0.26753812636165575,0.2591687041564792,0.2480916030534351,0.1308724832214765,0.19689119170984454,0.19367088607594937,0.13407134071340712,0.325,0.3972602739726027,0.16814159292035397,0.14553990610328638,0.2968841857730747,0.2638717632552404,0.1732283464566929,0.17446043165467626,0.2469113101615078,0.8121136173767751,0.8153846153846154
448,Austin,Rivers,0.15468409586056645,0.20782396088019559,0.24045801526717556,0.057046979865771806,0.11398963730569947,0.10506329113924051,0.1070110701107011,0.384375,0.4041095890410959,0.15929203539823006,0.03286384976525822,0.19106407995296884,0.15659679408138102,0.07874015748031496,0.059352517985611516,0.19362560933958461,0.48130511463844794,0.6746031746031746
455,Rajon,Rondo,0.0522875816993464,0.08312958435207823,0.09446564885496182,0.036912751677852344,0.14507772020725387,0.12025316455696203,0.22878228782287824,0.153125,0.19863013698630136,0.21828908554572268,0.028169014084507043,0.08112874779541447,0.05425400739827374,0.03464566929133858,0.026978417266187053,0.12432079982612476,0.5564102564102562,0.6868686868686869
456,Derrick,Rose,0.12679738562091503,0.1100244498777506,0.10114503816793893,0.06375838926174497,0.05181347150259068,0.06202531645569621,0.13776137761377613,0.0,0.17123287671232876,0.09439528023598821,0.056338028169014086,0.15285126396237508,0.13933415536374846,0.05984251968503937,0.06654676258992806,0.2890591039991307,0.9607709750566893,0.8490566037735849
457,Terrence,Ross,0.2549019607843137,0.1980440097799511,0.26240458015267176,0.057046979865771806,0.18652849740932642,0.15822784810126583,0.13776137761377613,0.17187500000000003,0.2054794520547945,0.1976401179941003,0.06572769953051644,0.31099353321575546,0.2515413070283601,0.2078740157480315,0.20323741007194246,0.16436192176425812,0.7698179271708685,0.5890909090909091
458,Terry,Rozier,0.5995642701525055,0.5623471882640587,0.5858778625954199,0.18120805369127516,0.386873920552677,0.3518987341772152,0.3997539975399754,0.33125,0.6301369863013697,0.2772861356932153,0.12206572769953052,0.6743092298647855,0.6202219482120839,0.29133858267716534,0.2823741007194245,0.2655745382969411,0.7559082892416227,0.749185667752443
486,Marcus,Smart,0.4849673202614379,0.41075794621026895,0.47900763358778625,0.19798657718120805,0.46286701208981,0.4139240506329114,0.6592865928659287,0.68125,0.9931506849315068,0.6017699115044247,0.11267605633802817,0.5584950029394474,0.47472256473489527,0.3795275590551181,0.34532374100719426,0.1933504554541522,0.6704761904761904,0.6693227091633466
488,Ish,Smith,0.15076252723311548,0.061124694376528114,0.0648854961832061,0.08053691275167786,0.14335060449050085,0.13544303797468354,0.2964329643296433,0.20312500000000003,0.3424657534246575,0.22123893805309736,0.11267605633802817,0.2328042328042328,0.20098643649815043,0.03937007874015748,0.02158273381294964,0.2284450462714055,0.2614121510673234,0.7352941176470589
492,Tony,Snell,0.04444444444444444,0.1100244498777506,0.12309160305343511,0.040268456375838924,0.08635578583765113,0.07848101265822785,0.01968019680196802,0.16875,0.0958904109589041,0.02359882005899705,0.04225352112676056,0.06584362139917696,0.04562268803945746,0.0,0.0,0.16551192106872625,1.0,0.6976744186046512
497,Lance,Stephenson,0.13028322440087145,0.06601466992665037,0.08587786259541984,0.026845637583892613,0.13298791018998274,0.10759493670886075,0.18696186961869618,0.24375000000000005,0.1506849315068493,0.1799410029498525,0.018779342723004695,0.15461493239271018,0.14180024660912455,0.11968503937007874,0.10611510791366907,0.29377480868003525,0.6498809523809523,0.6
507,Garrett,Temple,0.10413943355119826,0.1466992665036675,0.18606870229007633,0.09731543624161074,0.14507772020725387,0.1430379746835443,0.07626076260762607,0.20625000000000002,0.28082191780821913,0.11209439528023597,0.11267605633802817,0.15167548500881833,0.1060419235511714,0.05826771653543307,0.04316546762589929,0.09396029575194886,0.4775842044134728,0.6153846153846154
514,Klay,Thompson,0.42962962962962964,0.4669926650366748,0.47328244274809156,0.06040268456375839,0.2607944732297064,0.21392405063291137,0.15375153751537515,0.259375,0.2602739726027397,0.17699115044247787,0.15023474178403756,0.5179306290417401,0.4586929716399507,0.12125984251968502,0.1223021582733813,0.2324844596690504,0.8169312169312168,0.7701612903225806
519,Karl-Anthony,Towns,0.8470588235294116,0.40342298288508555,0.3931297709923664,0.7181208053691275,0.9948186528497409,1.0,0.35793357933579334,0.909375,0.5410958904109588,0.7522123893805309,0.46009389671361506,0.7595532039976485,0.8360049321824908,0.8377952755905511,0.7913669064748202,0.46030336214535306,0.7171997157071783,0.8009708737864077
520,P.J.,Tucker,0.26405228758169935,0.2616136919315403,0.23854961832061067,0.44966442953020136,0.5388601036269429,0.5645569620253165,0.2078720787207872,0.6,0.4931506849315069,0.20648967551622416,0.09859154929577466,0.284538506760729,0.2860665844636252,0.11496062992125984,0.09352517985611512,0.3655455335796566,0.5506493506493506,0.856
522,Myles,Turner,0.2174291938997821,0.15892420537897312,0.19083969465648853,0.2181208053691275,0.3626943005181347,0.34810126582278483,0.04305043050430504,0.3375,0.1917808219178082,0.1504424778761062,0.5727699530516432,0.21634332745443857,0.22564734895191121,0.1779527559055118,0.1528776978417266,0.40606598118653625,0.6056980056980057,0.65
527,Fred,VanVleet,0.5864923747276689,0.6528117359413202,0.6765267175572519,0.1442953020134228,0.39896373056994816,0.3468354430379747,0.5768757687576875,0.503125,0.821917808219178,0.4985250737463126,0.19248826291079812,0.6696061140505585,0.5548705302096177,0.35748031496062993,0.3525179856115108,0.16750646548715986,0.7788909503195218,0.7531734837799718
538,Kemba,Walker,0.16383442265795206,0.19070904645476772,0.20610687022900762,0.03355704697986577,0.11917098445595856,0.1,0.16236162361623616,0.07187500000000002,0.1780821917808219,0.11799410029498526,0.03286384976525822,0.1987066431510876,0.15782983970406905,0.11023622047244094,0.10611510791366907,0.16752639528876734,0.755083655083655,0.7222222222222222
546,Hassan,Whiteside,0.20610021786492375,0.0,0.0,0.5906040268456376,0.5647668393782384,0.6367088607594937,0.015990159901599018,0.55625,0.15753424657534246,0.12979351032448377,0.539906103286385,0.1728395061728395,0.2379778051787916,0.27244094488188975,0.18705035971223022,0.7229019851985014,0.35770782889426966,
553,Lou,Williams,0.12636165577342048,0.09290953545232274,0.09923664122137404,0.0436241610738255,0.06217616580310881,0.06202531645569621,0.1156211562115621,0.1,0.19863013698630136,0.10029498525073745,0.018779342723004695,0.15990593768371547,0.1220715166461159,0.12913385826771653,0.1276978417266187,0.149856435086139,0.7892580287929125,0.7307692307692307
558,Justise,Winslow,0.0880174291938998,0.039119804400977995,0.06774809160305344,0.1610738255033557,0.21588946459412778,0.2189873417721519,0.0984009840098401,0.16562500000000002,0.22602739726027396,0.12684365781710916,0.12206572769953052,0.12698412698412698,0.10357583230579531,0.09763779527559055,0.0629496402877698,0.21098910444799335,0.3259740259740259,0.4507042253521127
560,Christian,Wood,0.517211328976035,0.3276283618581907,0.3320610687022901,0.37583892617449666,0.9913644214162349,0.8683544303797469,0.18450184501845018,0.5125,0.36301369863013694,0.3687315634218289,0.3192488262910798,0.5067607289829512,0.528976572133169,0.5559055118110237,0.381294964028777,0.40051075853075424,0.3492597038815525,0.7701149425287356
564,Delon,Wright,0.13943355119825707,0.12224938875305623,0.12786259541984732,0.21140939597315436,0.2659758203799654,0.2746835443037975,0.25092250922509224,0.13437500000000002,0.6643835616438356,0.12684365781710916,0.10328638497652583,0.14814814814814814,0.1381011097410604,0.11968503937007874,0.11330935251798561,0.3090632471201914,0.7322619047619048,0.746268656716418
570,Thaddeus,Young,0.11416122004357299,0.04645476772616137,0.05438931297709924,0.30201342281879195,0.19689119170984454,0.2582278481012658,0.13407134071340712,0.23125000000000004,0.4246575342465753,0.14749262536873153,0.0892018779342723,0.13991769547325103,0.14796547472256474,0.07716535433070866,0.03597122302158273,0.4244466843362037,0.0984725965858041,0.6666666666666666
599,Damion,Lee,0.20043572984749455,0.1687041564792176,0.20706106870229007,0.10738255033557047,0.2970639032815198,0.2582278481012658,0.07626076260762607,0.278125,0.273972602739726,0.10324483775811209,0.028169014084507043,0.229864785420341,0.2059186189889026,0.13385826771653542,0.13309352517985612,0.2608049151563022,0.7963616907437132,0.6359447004608295
631,Alex,Caruso,0.12244008714596949,0.1295843520782396,0.1479007633587786,0.1040268456375839,0.17271157167530224,0.16582278481012658,0.23493234932349322,0.34375,0.547945205479452,0.1504424778761062,0.09389671361502347,0.14344503233392122,0.11220715166461159,0.12440944881889765,0.11330935251798561,0.17369686509797644,0.6823866896156052,0.6838709677419355
723,David,Nwaba,0.07450980392156863,0.04156479217603912,0.05057251908396947,0.12751677852348992,0.14507772020725387,0.15443037974683543,0.027060270602706025,0.13437500000000002,0.1917808219178082,0.038348082595870206,0.09859154929577466,0.07642563198118754,0.07398273736128237,0.11181102362204724,0.09172661870503598,0.3629691485832599,0.5606349206349206,0.6415094339622641
724,Bam,Adebayo,0.5681917211328975,0.0,0.006679389312977099,0.587248322147651,0.8825561312607944,0.8683544303797469,0.27921279212792127,0.665625,0.6712328767123288,0.5368731563421829,0.2863849765258216,0.5179306290417401,0.6177558569667078,0.6692913385826771,0.5737410071942447,0.5584302123481452,0.5928959928959929,0.0
727,Jarrett,Allen,0.3847494553376906,0.0024449877750611247,0.01049618320610687,0.6577181208053692,0.701208981001727,0.7620253164556963,0.1033210332103321,0.271875,0.3424657534246575,0.26253687315634217,0.38028169014084506,0.3062904174015285,0.44266337854500615,0.4031496062992126,0.32553956834532377,0.8117884647541637,0.5247252747252746,0.18181818181818182
735,Lonzo,Ball,0.17952069716775598,0.29095354523227385,0.26717557251908397,0.11073825503355705,0.23661485319516407,0.2151898734177215,0.22386223862238622,0.21875000000000003,0.4931506849315069,0.22418879056047197,0.1784037558685446,0.21164021164021166,0.18002466091245375,0.04409448818897638,0.03237410071942447,0.2193575930698296,0.48511904761904767,0.85
748,Tony,Bradley,0.040087145969498916,0.0,0.0,0.21476510067114093,0.14853195164075994,0.189873417721519,0.01968019680196802,0.14375000000000002,0.0547945205479452,0.06784660766961652,0.15492957746478875,0.0429159318048207,0.05795314426633785,0.03937007874015748,0.026978417266187053,0.6239727225039343,0.43185550082101787,
761,John,Collins,0.38997821350762524,0.17114914425427874,0.18416030534351144,0.33221476510067116,0.5941278065630398,0.5607594936708862,0.11808118081180813,0.5125,0.2602739726027397,0.1887905604719764,0.28169014084507044,0.39094650205761317,0.4278668310727497,0.30236220472440944,0.26618705035971224,0.45462245838610793,0.6301263362487852,0.7253886010362695
762,Zach,Collins,0.06013071895424836,0.034229828850855744,0.04007633587786259,0.1442953020134228,0.12089810017271158,0.1430379746835443,0.05904059040590405,0.15937500000000002,0.07534246575342465,0.10029498525073745,0.11267605633802817,0.0582010582010582,0.05672009864364981,0.09921259842519685,0.0881294964028777,0.3780802368640125,0.6557213930348258,0.6666666666666666
776,De'Aaron,Fox,0.5838779956427016,0.19315403422982885,0.25667938931297707,0.07718120805369127,0.3160621761658031,0.2607594936708861,0.4108241082410824,0.509375,0.4794520547945205,0.4896755162241888,0.11737089201877934,0.6378600823045267,0.6214549938347719,0.5637795275590551,0.48561151079136694,0.32471714426994713,0.5994738226782426,0.587360594795539
791,Josh,Hart,0.32113289760348585,0.18337408312958436,0.2127862595419847,0.21140939597315436,0.5146804835924006,0.45696202531645574,0.26814268142681424,0.43125,0.41780821917808214,0.3126843657817109,0.06103286384976526,0.31040564373897706,0.3205918618988902,0.33385826771653543,0.28597122302158273,0.3924235636441059,0.5957231040564375,0.672645739910314
805,Josh,Jackson,0.12810457516339868,0.10024449877750612,0.1450381679389313,0.0738255033557047,0.16753022452504318,0.15063291139240506,0.07134071340713406,0.25,0.17123287671232876,0.12094395280235988,0.12206572769953052,0.16696061140505586,0.13316892725030827,0.12440944881889765,0.09712230215827339,0.17933538209590438,0.5037292025243834,0.5394736842105263
814,Luke,Kennard,0.3498910675381264,0.4889975550122249,0.4265267175572519,0.057046979865771806,0.32124352331606215,0.2569620253164557,0.17220172201722017,0.265625,0.3013698630136986,0.15634218289085544,0.028169014084507043,0.36566725455614346,0.3353884093711468,0.13543307086614173,0.13669064748201437,0.27151881428300995,0.8169312169312168,0.8948545861297539
820,Kyle,Kuzma,0.47668845315904135,0.33985330073349634,0.383587786259542,0.22818791946308722,0.8186528497409327,0.6860759493670887,0.2816728167281673,0.371875,0.3013698630136986,0.48377581120943947,0.26760563380281693,0.5396825396825397,0.5030826140567202,0.3496062992125984,0.2805755395683453,0.28138588170349743,0.5188369152970922,0.6915422885572139
840,Donovan,Mitchell,0.8021786492374727,0.5990220048899756,0.6860687022900763,0.19463087248322147,0.36614853195164077,0.34177215189873417,0.4784747847478475,0.51875,0.726027397260274,0.6283185840707964,0.08450704225352113,0.8783068783068784,0.8076448828606659,0.55748031496063,0.5449640287769785,0.26280987262295674,0.7652833200319233,0.6815020862308763
845,Monte,Morris,0.41612200435729846,0.3374083129584352,0.33396946564885494,0.08053691275167786,0.30569948186528495,0.25443037974683547,0.44157441574415746,0.28125,0.4315068493150685,0.23303834808259583,0.07042253521126761,0.46502057613168724,0.46609124537607893,0.152755905511811,0.14028776978417265,0.3572048277452585,0.6900518623290901,0.7885714285714286
865,Davon,Reed,0.06187363834422657,0.097799511002445,0.08969465648854962,0.036912751677852344,0.10535405872193437,0.0911392405063291,0.056580565805658053,0.15625000000000003,0.18493150684931506,0.02359882005899705,0.04225352112676056,0.06819517930629042,0.06781750924784218,0.023622047244094488,0.01618705035971223,0.3870014670723757,0.4796992481203006,0.851063829787234
897,Derrick,White,0.5041394335511982,0.3594132029339853,0.4570610687022901,0.14765100671140938,0.461139896373057,0.39367088607594936,0.5313653136531366,0.6625,0.5890410958904109,0.4218289085545722,0.35211267605633806,0.5714285714285714,0.4784217016029594,0.4645669291338583,0.45143884892086333,0.17933538209590438,0.7575410097149227,0.6137787056367432
926,Grayson,Allen,0.34553376906318084,0.4621026894865526,0.4398854961832061,0.11073825503355705,0.34196891191709844,0.29240506329113924,0.12915129151291513,0.321875,0.3561643835616438,0.1238938053097345,0.11267605633802817,0.36743092298647856,0.3403205918618989,0.13070866141732285,0.12410071942446045,0.2807612435887469,0.7348659003831417,0.8199566160520607
931,Marvin,Bagley III,0.20871459694989106,0.05867970660146699,0.0982824427480916,0.34563758389261745,0.3488773747841105,0.3860759493670886,0.02829028290282903,0.24687500000000004,0.136986301369863,0.08849557522123894,0.08450704225352113,0.23574368018812464,0.250308261405672,0.1653543307086614,0.11870503597122302,0.4237197798648885,0.4104849279161207,0.46601941747572817
932,Mo,Bamba,0.31241830065359477,0.27383863080684595,0.27958015267175573,0.5100671140939598,0.701208981001727,0.7063291139240507,0.0910209102091021,0.540625,0.2465753424657534,0.20648967551622416,0.6338028169014085,0.3474426807760141,0.3477188655980271,0.12125984251968502,0.10431654676258993,0.3585095205710641,0.6135214579659023,0.764505119453925
934,Keita,Bates-Diop,0.11416122004357299,0.04645476772616137,0.05820610687022901,0.20134228187919462,0.24870466321243523,0.2582278481012658,0.03690036900369004,0.14375000000000002,0.18493150684931506,0.10324483775811209,0.07042253521126761,0.12815990593768373,0.1344019728729963,0.09291338582677165,0.07553956834532374,0.4176160484348882,0.5554043839758125,0.6229508196721312
940,Mikal,Bridges,0.5586056644880175,0.32273838630806845,0.33874045801526714,0.2785234899328859,0.5112262521588946,0.47974683544303803,0.2656826568265683,0.525,0.7534246575342465,0.20943952802359883,0.24413145539906103,0.5702527924750147,0.62268803945746,0.29133858267716534,0.2823741007194245,0.4512952017606978,0.7559082892416227,0.7436619718309859
944,Bruce,Brown,0.2875816993464052,0.11735941320293398,0.11354961832061068,0.3523489932885906,0.40587219343696024,0.43037974683544306,0.1931119311193112,0.5875,0.595890410958904,0.1799410029498525,0.26291079812206575,0.30511463844797176,0.32305795314426633,0.2173228346456693,0.18884892086330934,0.41898978933392506,0.617102615694165,0.8067226890756303
945,Troy,Brown Jr.,0.10021786492374726,0.1295843520782396,0.15171755725190839,0.12751677852348992,0.2400690846286701,0.22405063291139238,0.07749077490774907,0.15000000000000002,0.25342465753424653,0.06489675516224189,0.023474178403755867,0.1405055849500294,0.10974106041923551,0.03464566929133858,0.028776978417266185,0.17387996938283745,0.6197802197802198,0.6666666666666666
946,Jalen,Brunson,0.709368191721133,0.2982885085574572,0.3187022900763359,0.19127516778523487,0.5302245250431779,0.46075949367088603,0.5461254612546126,0.540625,0.547945205479452,0.39528023598820056,0.023474178403755867,0.7577895355673133,0.7842170160295932,0.47874015748031495,0.45143884892086333,0.38905439868762215,0.7164811379097094,0.7305389221556886
949,Jevon,Carter,0.11241830065359476,0.19559902200489,0.18702290076335878,0.046979865771812075,0.1312607944732297,0.11392405063291139,0.12054120541205413,0.22187500000000002,0.22602739726027396,0.10619469026548674,0.07042253521126761,0.1457965902410347,0.11220715166461159,0.025196850393700787,0.023381294964028777,0.16120330983947595,0.7528571428571429,0.8163265306122449
950,Wendell,Carter Jr.,0.3904139433551198,0.18092909535452323,0.2127862595419847,0.48322147651006714,0.858376511226252,0.8113924050632912,0.20418204182041821,0.49687499999999996,0.25342465753424653,0.35398230088495575,0.22065727699530516,0.38330393885949443,0.4254007398273736,0.3401574803149606,0.26798561151079137,0.47063764228098937,0.4982251082251081,0.6636771300448431
960,Hamidou,Diallo,0.2549019607843137,0.05623471882640587,0.09446564885496182,0.22818791946308722,0.3177892918825561,0.3189873417721519,0.07995079950799508,0.41875,0.5136986301369864,0.16519174041297935,0.08450704225352113,0.2898295120517343,0.29963008631319354,0.22834645669291337,0.1672661870503597,0.39406147653254087,0.42499201022690936,0.46464646464646464
973,Devonte',Graham,0.38082788671023965,0.5012224938875306,0.5696564885496183,0.12416107382550336,0.20379965457685667,0.1962025316455696,0.3899138991389914,0.265625,0.4931506849315069,0.3126843657817109,0.051643192488262914,0.47266313932980597,0.3464858199753391,0.23307086614173228,0.22302158273381295,0.0730355266970949,0.7398496240601502,0.6867671691792295
979,Aaron,Holiday,0.1625272331154684,0.11491442542787286,0.1116412213740458,0.08389261744966443,0.12780656303972365,0.12531645569620253,0.19557195571955718,0.259375,0.3150684931506849,0.1887905604719764,0.046948356807511735,0.18753674309229865,0.17385943279901356,0.11496062992125984,0.10971223021582735,0.29699893163067104,0.7432282003710573,0.8034188034188035
980,Kevin,Huerter,0.3991285403050109,0.4400977995110024,0.4398854961832061,0.1040268456375839,0.36614853195164077,0.30759493670886073,0.2730627306273063,0.609375,0.41780821917808214,0.2831858407079646,0.14553990610328638,0.4679600235155791,0.43896424167694204,0.08188976377952756,0.07374100719424462,0.2894063054151169,0.6763605442176872,0.7809110629067245
982,Jaren,Jackson Jr.,0.6291938997821351,0.4132029339853301,0.47900763358778625,0.5,0.6442141623488773,0.6607594936708862,0.1094710947109471,1.0000000000000002,0.5684931506849316,0.415929203539823,1.0,0.6984126984126984,0.5955610357583231,0.6330708661417324,0.5863309352517987,0.19284870136926757,0.6915787004456955,0.6733067729083665
997,Jordan,McLaughlin,0.0832244008714597,0.08068459657701711,0.09064885496183206,0.06040268456375839,0.08635578583765113,0.0860759493670886,0.23001230012300122,0.13125,0.4315068493150685,0.08849557522123894,0.046948356807511735,0.0975896531452087,0.09001233045622689,0.06299212598425197,0.05215827338129497,0.31634667723253707,0.588095238095238,0.6947368421052632
998,De'Anthony,Melton,0.35555555555555557,0.39119804400978,0.4217557251908397,0.2348993288590604,0.461139896373057,0.42658227848101266,0.2607626076260763,0.3875,0.8424657534246576,0.34808259587020646,0.2112676056338028,0.4391534391534392,0.35635018495684345,0.1984251968503937,0.17086330935251798,0.15744395310862602,0.6071062271062271,0.7239819004524887
999,Chimezie,Metu,0.20305010893246186,0.1466992665036675,0.1851145038167939,0.10738255033557047,0.4680483592400691,0.38354430379746834,0.06027060270602706,0.240625,0.3493150684931507,0.15929203539823006,0.15023474178403756,0.23633156966490299,0.21948212083847105,0.13700787401574804,0.12050359712230217,0.2924364268637253,0.6378859236002092,0.6185567010309279
1001,Shake,Milton,0.1886710239651416,0.1295843520782396,0.14599236641221375,0.10067114093959732,0.15889464594127806,0.15443037974683543,0.1795817958179582,0.296875,0.2328767123287671,0.1238938053097345,0.09389671361502347,0.23045267489711935,0.1997533908754624,0.14015748031496061,0.13129496402877697,0.2321825959343199,0.7165386584741424,0.6928104575163399
1018,Duncan,Robinson,0.39389978213507626,0.6454767726161369,0.6755725190839694,0.0738255033557047,0.2918825561312608,0.2417721518987342,0.15990159901599016,0.675,0.3150684931506849,0.1799410029498525,0.08450704225352113,0.44973544973544977,0.3711467324290999,0.10551181102362205,0.09892086330935253,0.17139317539665289,0.7215291750503019,0.7457627118644068
1020,Mitchell,Robinson,0.23137254901960785,0.0,0.0,1.0,0.4956822107081174,0.7405063291139241,0.030750307503075027,0.5625,0.3972602739726027,0.1504424778761062,0.6244131455399061,0.1710758377425044,0.2860665844636252,0.27874015748031494,0.1510791366906475,1.0,0.1534333070244671,
1022,Landry,Shamet,0.2544662309368192,0.3422982885085575,0.3606870229007633,0.053691275167785234,0.16580310880829016,0.14177215189873418,0.14883148831488316,0.275,0.2465753424657534,0.12684365781710916,0.046948356807511735,0.2962962962962963,0.2379778051787916,0.14173228346456693,0.13489208633093525,0.1602178296115091,0.737082066869301,0.7407407407407407
1023,Anfernee,Simons,0.4082788671023965,0.4449877750611247,0.4341603053435114,0.08053691275167786,0.153713298791019,0.1430379746835443,0.2644526445264453,0.3,0.19863013698630136,0.3185840707964602,0.03286384976525822,0.44973544973544977,0.41060419235511714,0.18740157480314962,0.1906474820143885,0.26361660508585094,0.8258614014711576,0.8
1036,Jarred,Vanderbilt,0.21089324618736383,0.004889975550122249,0.015267175572519083,0.7718120805369127,0.7426597582037997,0.8354430379746836,0.10824108241082411,0.5906250000000001,0.7397260273972601,0.21533923303834807,0.22535211267605634,0.2039976484420929,0.249075215782984,0.231496062992126,0.17086330935251798,0.5786873593872072,0.4326080100914538,0.25
1038,Lonnie,Walker IV,0.355119825708061,0.2885085574572127,0.3616412213740458,0.046979865771812075,0.23316062176165803,0.18860759493670887,0.1857318573185732,0.275,0.30821917808219174,0.19174041297935102,0.09389671361502347,0.44620811287477957,0.3699136868064118,0.23464566929133857,0.20503597122302158,0.1755208495047661,0.6230936819172113,0.6226912928759895
1044,Kenrich,Williams,0.12113289760348583,0.10024449877750612,0.11545801526717557,0.23825503355704694,0.18480138169257337,0.2253164556962025,0.11685116851168512,0.196875,0.2876712328767123,0.10324483775811209,0.046948356807511735,0.15108759553204,0.1405672009864365,0.08031496062992126,0.046762589928057555,0.30675542348837903,0.2510822510822509,0.6776859504132231
1045,Robert,Williams III,0.2849673202614379,0.0,0.0019083969465648854,0.9328859060402684,0.6597582037996546,0.8354430379746836,0.15621156211562115,0.490625,0.4657534246575342,0.1887905604719764,0.835680751173709,0.2310405643738977,0.36004932182490756,0.1826771653543307,0.1564748201438849,0.9122534548348978,0.6018253968253968,0.0
1046,Trae,Young,0.9860566448801744,0.6210268948655256,0.6603053435114503,0.1711409395973154,0.3920552677029361,0.3518987341772152,0.9876998769987699,0.403125,0.5273972602739725,0.9999999999999999,0.04225352112676056,0.9711934156378601,0.9149198520345253,0.9511811023622048,0.9748201438848921,0.28662869408722613,0.8319862155388471,0.7341040462427746
1058,Gary,Trent Jr.,0.5825708061002179,0.5525672371638142,0.5782442748091603,0.08053691275167786,0.2538860103626943,0.21645569620253163,0.16974169741697417,0.44999999999999996,0.9109589041095889,0.1976401179941003,0.10328638497652583,0.6796002351557907,0.5745992601726264,0.3622047244094488,0.3525179856115108,0.18542861820656842,0.7606023606023604,0.7458745874587459
1775,Gabe,Vincent,0.28845315904139435,0.3545232273838631,0.39503816793893126,0.0738255033557047,0.17443868739205526,0.15569620253164557,0.33456334563345635,0.56875,0.49999999999999994,0.34513274336283184,0.08450704225352113,0.3533215755437978,0.2922318125770653,0.11181102362204724,0.10791366906474821,0.1792935561926451,0.7583492063492063,0.7004830917874396
1847,Darius,Bazley,0.2980392156862745,0.20537897310513448,0.26622137404580154,0.23154362416107382,0.5889464594127807,0.518987341772152,0.10824108241082411,0.15625000000000003,0.41780821917808214,0.24188790560471973,0.3333333333333333,0.3562610229276896,0.3082614056720099,0.2755905511811024,0.210431654676259,0.21843958716377754,0.4661346102686885,0.6021505376344086
1854,Nic,Claxton,0.17342047930283225,0.0,0.0,0.34563758389261745,0.28842832469775476,0.34177215189873417,0.04674046740467404,0.33125,0.1917808219178082,0.09734513274336283,0.323943661971831,0.14520870076425632,0.22071516646115905,0.1905511811023622,0.1025179856115108,0.8458333303834954,0.15641904761904757,
1859,Daniel,Gafford,0.2766884531590414,0.0,0.0009541984732824427,0.5335570469798658,0.41450777202072536,0.5050632911392405,0.06888068880688807,0.5,0.2054794520547945,0.17109144542772858,0.511737089201878,0.22339800117577896,0.33415536374845867,0.2566929133858268,0.19784172661870503,0.8490192349489242,0.4771029369831765,0.0
1860,Darius,Garland,0.649673202614379,0.4572127139364303,0.46851145038167935,0.12080536912751678,0.2711571675302245,0.24430379746835446,0.7416974169741698,0.321875,0.678082191780822,0.775811209439528,0.03286384976525822,0.708994708994709,0.6769420468557337,0.3968503937007874,0.4010791366906475,0.3028511728853506,0.8133556547619047,0.7617107942973523
1864,Jaxson,Hayes,0.2684095860566449,0.0488997555012225,0.05820610687022901,0.38926174496644295,0.31951640759930916,0.3810126582278481,0.040590405904059046,0.484375,0.2191780821917808,0.14454277286135692,0.28169014084507044,0.2204585537918871,0.2872996300863132,0.30866141732283464,0.2643884892086331,0.6601376012710881,0.5963333333333334,0.6557377049180327
1866,Tyler,Herro,0.6897603485838779,0.49877750611246946,0.5133587786259541,0.12080536912751678,0.5785837651122625,0.46962025316455697,0.3788437884378844,0.31875,0.3767123287671233,0.5958702064896755,0.07042253521126761,0.7777777777777778,0.7200986436498151,0.4110236220472441,0.41007194244604317,0.27071215773615187,0.7948247978436658,0.758364312267658
1868,De'Andre,Hunter,0.3437908496732026,0.22982885085574573,0.22709923664122136,0.09060402684563759,0.24697754749568218,0.2151898734177215,0.07872078720787208,0.50625,0.2671232876712329,0.21828908554572268,0.107981220657277,0.3750734861845973,0.35018495684340323,0.29448818897637796,0.2589928057553957,0.2881010668541596,0.6290700573423087,0.7899159663865546
1870,Ty,Jerome,0.12549019607843137,0.14180929095354522,0.19274809160305342,0.06040268456375839,0.044905008635578586,0.05569620253164557,0.13161131611316113,0.19375,0.2054794520547945,0.09734513274336283,0.023474178403755867,0.17225161669606115,0.12453760789149199,0.08661417322834646,0.08093525179856116,0.10751604066858234,0.7207425343018563,0.5742574257425742
1871,Cameron,Johnson,0.4013071895424837,0.4792176039119804,0.4427480916030534,0.16442953020134227,0.4075993091537133,0.36075949367088606,0.13530135301353013,0.415625,0.4383561643835616,0.14454277286135692,0.08450704225352113,0.3950617283950617,0.38101109741060424,0.22992125984251968,0.22302158273381295,0.31930736725088293,0.7583492063492063,0.8448275862068966
1872,Keldon,Johnson,0.5590413943355119,0.39853300733496333,0.39885496183206104,0.26174496644295303,0.625215889464594,0.5569620253164558,0.1968019680196802,0.446875,0.39041095890410954,0.25958702064896755,0.06572769953051644,0.606114050558495,0.5832305795314427,0.4078740157480315,0.34352517985611514,0.31224840333797454,0.5739996378779648,0.7799043062200957
1874,Romeo,Langford,0.07973856209150326,0.09290953545232274,0.09541984732824427,0.09395973154362416,0.08117443868739205,0.0949367088607595,0.013530135301353014,0.09687500000000002,0.15753424657534246,0.02654867256637168,0.07981220657276995,0.09700176366843033,0.08631319358816275,0.06614173228346457,0.03956834532374101,0.28955444468593783,0.28364389233954435,0.76
1875,Nassir,Little,0.14291938997821352,0.12469437652811736,0.1498091603053435,0.18120805369127516,0.2556131260794473,0.25569620253164554,0.051660516605166046,0.20625000000000002,0.15753424657534246,0.10029498525073745,0.16901408450704225,0.15520282186948853,0.1405672009864365,0.14488188976377953,0.11870503597122302,0.28309666980608095,0.5537698412698411,0.6496815286624203
1877,Terance,Mann,0.3686274509803921,0.1980440097799511,0.2146946564885496,0.37583892617449666,0.5094991364421415,0.5151898734177216,0.26199261992619927,0.540625,0.3767123287671233,0.2300884955752212,0.12206572769953052,0.4021164021164021,0.4007398273736128,0.26614173228346455,0.23741007194244604,0.35257456303328183,0.6476190476190478,0.72
1879,Cody,Martin,0.21437908496732028,0.16136919315403422,0.16412213740458015,0.2785234899328859,0.31951640759930916,0.3392405063291139,0.21648216482164823,0.340625,0.6506849315068493,0.17699115044247787,0.1596244131455399,0.2292768959435626,0.22811344019728733,0.1716535433070866,0.13129496402877697,0.35824168658987177,0.4750948166877369,0.7674418604651163
1880,Jalen,McDaniels,0.12636165577342048,0.11246943765281174,0.12213740458015267,0.12080536912751678,0.2072538860103627,0.19746835443037974,0.06027060270602706,0.259375,0.18493150684931506,0.08849557522123894,0.107981220657277,0.13932980599647266,0.1282367447595561,0.11496062992125984,0.09532374100719425,0.30044193291313503,0.5720470006184293,0.71875
1881,Ja,Morant,0.7899782135076252,0.2616136919315403,0.30248091603053434,0.2986577181208054,0.48704663212435234,0.46962025316455697,0.5916359163591636,0.3,0.5684931506849316,0.687315634218289,0.13145539906103287,0.7971781305114638,0.8175092478421702,0.8267716535433072,0.7140287769784174,0.37868218589179226,0.6013322531280942,0.6750788643533123
1882,Jaylen,Nowell,0.21176470588235294,0.16381418092909536,0.17080152671755724,0.0738255033557047,0.12607944732297063,0.12025316455696203,0.16113161131611317,0.19062500000000002,0.21232876712328766,0.07964601769911504,0.056338028169014086,0.2345679012345679,0.22318125770653516,0.14960629921259844,0.13309352517985612,0.3150402086502936,0.6505050505050505,0.7486033519553073
1883,Chuma,Okeke,0.22657952069716775,0.2885085574572127,0.35400763358778625,0.1442953020134228,0.45250431778929184,0.3860759493670886,0.12915129151291513,0.240625,0.6506849315068493,0.135693215339233,0.1971830985915493,0.3027630805408583,0.22688039457459927,0.09606299212598425,0.09172661870503598,0.1048569781616473,0.7465201465201465,0.6361185983827493
1886,Eric,Paschall,0.12941176470588234,0.11246943765281174,0.12118320610687022,0.09060402684563759,0.09499136442141623,0.10379746835443038,0.03321033210332103,0.11875000000000002,0.06164383561643835,0.058997050147492625,0.023474178403755867,0.12345679012345678,0.12330456226880396,0.14015748031496061,0.1223021582733813,0.3740925885677028,0.6279569892473118,0.7244094488188977
1887,Jordan,Poole,0.7851851851851852,0.6772616136919315,0.7175572519083969,0.13758389261744966,0.4421416234887738,0.3759493670886076,0.4784747847478475,0.8093750000000001,0.547945205479452,0.6991150442477876,0.15023474178403756,0.7824808935920047,0.7533908754623921,0.5480314960629922,0.5755395683453238,0.3107725463988934,0.8689393939393939,0.7367021276595744
1888,Kevin,Porter Jr.,0.4047930283224401,0.40342298288508555,0.41889312977099236,0.14093959731543623,0.33506044905008636,0.29873417721518986,0.46740467404674046,0.44999999999999996,0.4931506849315069,0.5693215339233039,0.107981220657277,0.4738389182833628,0.3995067817509248,0.3291338582677165,0.2392086330935252,0.18910438688647357,0.41211714732841487,0.7517084282460137
1890,Isaiah,Roby,0.17124183006535948,0.11246943765281174,0.10019083969465649,0.24161073825503357,0.18998272884283246,0.23037974683544304,0.07503075030750307,0.3,0.2465753424657534,0.09734513274336283,0.1643192488262911,0.16519694297472076,0.17632552404438964,0.1826771653543307,0.14028776978417265,0.431887177401827,0.47825396825396815,0.8761904761904762
1896,Matisse,Thybulle,0.1420479302832244,0.1198044009779951,0.15362595419847327,0.1342281879194631,0.13989637305699482,0.15316455696202533,0.08118081180811808,0.49687499999999996,0.8356164383561644,0.08849557522123894,0.37089201877934275,0.15814226925338037,0.16029593094944514,0.07244094488188976,0.061151079136690656,0.382443621018029,0.6045714285714285,0.6086956521739131
1897,P.J.,Washington,0.27494553376906317,0.2885085574572127,0.30916030534351147,0.2785234899328859,0.4075993091537133,0.40379746835443037,0.16851168511685116,0.46562499999999996,0.4041095890410959,0.21828908554572268,0.3145539906103286,0.30158730158730157,0.2922318125770653,0.12755905511811022,0.10071942446043167,0.3278953698888588,0.5154061624649859,0.7283950617283951
1901,Grant,Williams,0.3254901960784314,0.3545232273838631,0.33969465648854963,0.2852348993288591,0.4369602763385147,0.4278481012658228,0.11193111931119312,0.80625,0.33561643835616434,0.2271386430678466,0.3615023474178404,0.31746031746031744,0.30209617755856966,0.23464566929133857,0.23201438848920863,0.3093680721582265,0.7846249610955494,0.8146067415730337
1903,Dylan,Windler,0.020915032679738564,0.06356968215158924,0.07633587786259542,0.06711409395973154,0.06563039723661485,0.07341772151898734,0.03321033210332103,0.1,0.0958904109589041,0.02359882005899705,0.018779342723004695,0.031158142269253383,0.016029593094944512,0.028346456692913385,0.023381294964028777,0.15853902479837978,0.6255411255411254,0.65
1934,Juan,Toscano-Anderson,0.10239651416122003,0.08068459657701711,0.10305343511450381,0.087248322147651,0.229706390328152,0.20126582278481014,0.17097170971709716,0.346875,0.36301369863013694,0.21828908554572268,0.09389671361502347,0.11992945326278659,0.11220715166461159,0.11181102362204724,0.06654676258992806,0.3194550097804826,0.253079365079365,0.6111111111111112
2051,Max,Strus,0.3978213507625272,0.6063569682151589,0.5973282442748091,0.1308724832214765,0.3765112262521589,0.32531645569620254,0.15129151291512916,0.5125,0.3013698630136986,0.21238938053097345,0.11267605633802817,0.43797766019988243,0.38594327990135635,0.11496062992125984,0.10071942446043167,0.2306796659111373,0.6362399505256648,0.792332268370607
2115,Amir,Coffey,0.25359477124183005,0.24938875305623473,0.26240458015267176,0.08053691275167786,0.2556131260794473,0.21772151898734177,0.14883148831488316,0.240625,0.2945205479452055,0.12094395280235988,0.08450704225352113,0.26513815402704294,0.24044389642416772,0.2015748031496063,0.19244604316546762,0.26790291908803965,0.7378787878787878,0.7418181818181818
2146,Naz,Reid,0.2710239651416122,0.15403422982885084,0.17938931297709923,0.35570469798657717,0.32642487046632124,0.37341772151898733,0.08118081180811808,0.55625,0.2945205479452055,0.2448377581120944,0.38028169014084506,0.27807172251616696,0.279901356350185,0.2551181102362205,0.21942446043165467,0.36705435191713354,0.6029833620195066,0.6702127659574468
2168,Terence,Davis,0.12505446623093683,0.1491442542787286,0.17175572519083968,0.030201342281879193,0.10017271157167529,0.08481012658227849,0.041820418204182044,0.18125000000000002,0.2054794520547945,0.07669616519174041,0.046948356807511735,0.14814814814814814,0.12577065351418001,0.07559055118110236,0.07014388489208634,0.23285698761138873,0.7148351648351647,0.6777777777777778
2177,John,Konchar,0.1315904139433551,0.13691931540342298,0.13454198473282442,0.31208053691275167,0.4075993091537133,0.41645569620253164,0.13776137761377613,0.275,0.3424657534246575,0.06489675516224189,0.13145539906103287,0.13815402704291593,0.14426633785450063,0.08188976377952756,0.05215827338129497,0.4126004295307949,0.32329931972789117,0.7943262411347518
2182,Keifer,Sykes,0.05010893246187363,0.07334963325183375,0.09637404580152671,0.016778523489932883,0.005181347150259072,0.010126582278481018,0.06888068880688807,0.12187500000000001,0.0958904109589041,0.08259587020648967,0.018779342723004695,0.08700764256319812,0.05425400739827374,0.025196850393700787,0.025179856115107913,0.08044446859378396,0.8352380952380953,0.594059405940594
2242,Caleb,Martin,0.23224400871459694,0.17359413202933985,0.17748091603053434,0.25838926174496646,0.2504317789291883,0.2810126582278481,0.07749077490774907,0.3375,0.4589041095890411,0.14749262536873153,0.1596244131455399,0.25631981187536745,0.2527743526510481,0.14803149606299212,0.12410071942446045,0.3477809434835345,0.5796890184645287,0.7634408602150538
2325,Armoni,Brooks,0.1167755991285403,0.22493887530562348,0.28053435114503816,0.06711409395973154,0.09326424870466321,0.09367088607594937,0.06765067650676507,0.19375,0.2054794520547945,0.061946902654867256,0.051643192488262914,0.1646090534979424,0.10727496917385942,0.03779527559055118,0.03417266187050359,0.04386546402955882,0.7057823129251699,0.6258503401360545
2327,Garrison,Mathews,0.2514161220043573,0.3471882640586797,0.37595419847328243,0.09395973154362416,0.2141623488773748,0.19240506329113924,0.06273062730627306,0.48124999999999996,0.3767123287671233,0.09144542772861357,0.11267605633802817,0.24044679600235158,0.19112207151664612,0.28346456692913385,0.25539568345323743,0.15970547795070045,0.6597308488612836,0.7208121827411168
2392,Dean,Wade,0.09019607843137253,0.13447432762836187,0.1450381679389313,0.11073825503355705,0.15716753022452504,0.1569620253164557,0.05781057810578105,0.228125,0.21232876712328766,0.02654867256637168,0.03755868544600939,0.10052910052910052,0.09124537607891492,0.05511811023622047,0.03776978417266187,0.3027292203558233,0.40854700854700865,0.7236842105263158
2404,Javonte,Green,0.18082788671023964,0.09290953545232274,0.10400763358778625,0.3422818791946309,0.28842832469775476,0.34050632911392403,0.06273062730627306,0.39375,0.5547945205479452,0.06784660766961652,0.1784037558685446,0.17519106407995297,0.1935881627620222,0.152755905511811,0.14388489208633093,0.46692515229261555,0.7226779820839226,0.6972477064220184
2563,Cole,Anthony,0.4527233115468409,0.3471882640586797,0.39408396946564883,0.09731543624161074,0.5302245250431779,0.4253164556962025,0.4612546125461255,0.50625,0.3150684931506849,0.5103244837758112,0.09389671361502347,0.5326278659611993,0.4278668310727497,0.4047244094488189,0.3956834532374101,0.1445334595098824,0.7664294836708629,0.6876513317191283
2566,LaMelo,Ball,0.6614379084967321,0.5672371638141809,0.5782442748091603,0.37583892617449666,0.6459412780656304,0.6151898734177216,0.7269372693726938,0.728125,0.8561643835616437,0.7286135693215339,0.14084507042253522,0.7548500881834215,0.6670776818742293,0.39999999999999997,0.39748201438848924,0.22537244426677427,0.7892580287929125,0.7656765676567657
2568,Desmond,Bane,0.6901960784313725,0.6894865525672371,0.6097328244274809,0.1711409395973154,0.5164075993091537,0.44303797468354433,0.2902829028290283,0.659375,0.7191780821917808,0.3716814159292035,0.19248826291079812,0.7372134038800705,0.7102342786683108,0.29448818897637796,0.30035971223021585,0.3118470374218826,0.8274744452754923,0.8826291079812206
2569,Saddiq,Bey,0.5459694989106754,0.5183374083129584,0.5858778625954199,0.348993288590604,0.5267702936096719,0.5177215189873419,0.2742927429274293,0.35,0.4931506849315069,0.25958702064896755,0.07511737089201878,0.6402116402116402,0.5228113440197287,0.39999999999999997,0.3776978417266187,0.15529771879538046,0.7190107050572168,0.6905537459283387
2584,Anthony,Edwards,0.7350762527233115,0.6039119804400978,0.6574427480916031,0.2181208053691275,0.47841105354058716,0.4329113924050633,0.36039360393603936,0.5625,0.8013698630136985,0.6135693215339233,0.25821596244131456,0.8042328042328042,0.7398273736128237,0.5102362204724409,0.46223021582733814,0.26397988015027785,0.6634436701509872,0.7169811320754716
2585,CJ,Elleby,0.12810457516339868,0.10024449877750612,0.1383587786259542,0.2181208053691275,0.23661485319516407,0.25569620253164554,0.10209102091020911,0.334375,0.2671232876712329,0.17404129793510326,0.09389671361502347,0.1675485008818342,0.12700369913686807,0.14173228346456693,0.11510791366906475,0.14207213932698948,0.5442755825734549,0.5655172413793104
2587,Malachi,Flynn,0.06971677559912853,0.10024449877750612,0.11641221374045801,0.026845637583892613,0.036269430051813475,0.03670886075949368,0.08487084870848709,0.13125,0.1643835616438356,0.017699115044247787,0.018779342723004695,0.10229276895943562,0.07151664611590629,0.048818897637795275,0.03597122302158273,0.1261682242990655,0.4821768707482992,0.6721311475409836
2589,Trent,Forrest,0.05315904139433551,0.014669926650366748,0.029580152671755722,0.06711409395973154,0.07253886010362695,0.07848101265822785,0.12546125461254612,0.09062500000000001,0.21232876712328766,0.12094395280235988,0.04225352112676056,0.06643151087595532,0.06041923551171394,0.07244094488188976,0.0629496402877698,0.32492119707578027,0.6375238095238096,0.3870967741935484
2597,R.J.,Hampton,0.19564270152505447,0.16625916870415647,0.18225190839694655,0.0738255033557047,0.2659758203799654,0.2227848101265823,0.18942189421894218,0.275,0.3013698630136986,0.2359882005899705,0.06572769953051644,0.2533803644914756,0.19482120838471023,0.1984251968503937,0.1474820143884892,0.13175564862150302,0.4423443223443222,0.7120418848167539
2602,Elijah,Hughes,0.03790849673202615,0.08557457212713937,0.11736641221374046,0.006711409395973153,0.05181347150259068,0.04050632911392405,0.023370233702337023,0.08750000000000002,0.10273972602739725,0.0471976401179941,0.04225352112676056,0.07466196355085244,0.03699136868064118,0.02204724409448819,0.01618705035971223,0.0,0.5423280423280423,0.5691056910569106
2604,Isaiah,Joe,0.08061002178649238,0.15158924205378974,0.15744274809160305,0.010067114093959733,0.037996545768566495,0.031645569620253174,0.03690036900369004,0.11875000000000002,0.13013698630136986,0.035398230088495575,0.028169014084507043,0.09229864785420341,0.06535141800246609,0.05826771653543307,0.061151079136690656,0.1430249084300449,0.8794425087108015,0.7515151515151515
2606,Tre,Jones,0.14466230936819172,0.02689486552567237,0.05057251908396947,0.087248322147651,0.153713298791019,0.14556962025316456,0.27183271832718325,0.18750000000000003,0.28082191780821913,0.10324483775811209,0.03286384976525822,0.16519694297472076,0.16646115906288533,0.14015748031496061,0.1223021582733813,0.3761068771865864,0.6279569892473118,0.41509433962264153
2610,Saben,Lee,0.07494553376906318,0.0488997555012225,0.06870229007633588,0.046979865771812075,0.07426597582037997,0.07215189873417721,0.14514145141451415,0.10312500000000002,0.2671232876712329,0.09144542772861357,0.06103286384976526,0.09171075837742504,0.06535141800246609,0.13070866141732285,0.11330935251798561,0.1473366297181773,0.6212370005473453,0.5555555555555556
2617,Kenyon,Martin Jr.,0.2814814814814815,0.1491442542787286,0.16603053435114504,0.28859060402684567,0.32642487046632124,0.34810126582278483,0.11685116851168512,0.321875,0.2465753424657534,0.16519174041297935,0.19248826291079812,0.2898295120517343,0.32305795314426633,0.2047244094488189,0.14028776978417265,0.47575238184324264,0.3606254442075336,0.7011494252873564
2621,Jaden,McDaniels,0.28104575163398693,0.22982885085574573,0.27003816793893126,0.2751677852348993,0.3488773747841105,0.359493670886076,0.0910209102091021,0.75,0.410958904109589,0.22123893805309736,0.3051643192488263,0.3256907701352146,0.310727496917386,0.12755905511811022,0.11510791366906475,0.31144624416020583,0.6704761904761904,0.6643109540636042
2626,Aaron,Nesmith,0.0775599128540305,0.10268948655256724,0.1431297709923664,0.06040268456375839,0.10189982728842834,0.09746835443037974,0.02091020910209102,0.209375,0.14383561643835616,0.09144542772861357,0.046948356807511735,0.10523221634332747,0.07891491985203453,0.048818897637795275,0.044964028776978415,0.16672653479914779,0.7175510204081634,0.56
2627,Zeke,Nnaji,0.09106753812636165,0.10268948655256724,0.08683206106870228,0.19798657718120805,0.12089810017271158,0.16329113924050634,0.012300123001230012,0.228125,0.1232876712328767,0.05309734513274336,0.07511737089201878,0.08818342151675486,0.09001233045622689,0.10236220472440945,0.0683453237410072,0.40051075853075424,0.35527950310559,0.9230769230769231
2628,Jordan,Nwora,0.21568627450980393,0.2273838630806846,0.2528625954198473,0.11073825503355705,0.3005181347150259,0.2620253164556962,0.07503075030750307,0.196875,0.18493150684931506,0.16224188790560473,0.07981220657276995,0.2880658436213992,0.23551171393341555,0.07401574803149606,0.06654676258992806,0.17571614866333407,0.676937441643324,0.7018867924528301
2629,Onyeka,Okongwu,0.14727668845315903,0.0,0.0,0.412751677852349,0.27288428324697755,0.3556962025316456,0.052890528905289044,0.49687499999999996,0.2328767123287671,0.11799410029498526,0.3004694835680751,0.10875955320399766,0.16646115906288533,0.1858267716535433,0.1528776978417266,0.83236696547778,0.5543325526932084,
2630,Isaac,Okoro,0.23311546840958602,0.1393643031784841,0.15839694656488548,0.2483221476510067,0.1623488773747841,0.2126582278481013,0.14022140221402213,0.490625,0.4041095890410959,0.15339233038348082,0.11267605633802817,0.2328042328042328,0.22811344019728733,0.262992125984252,0.22482014388489208,0.34315552111097125,0.5953216374269006,0.6867469879518072
2635,Payton,Pritchard,0.22091503267973855,0.3251833740831296,0.32538167938931295,0.1342281879194631,0.19861830742659758,0.1962025316455696,0.22632226322263224,0.22187500000000002,0.19863013698630136,0.1415929203539823,0.046948356807511735,0.2639623750734862,0.22811344019728733,0.03622047244094488,0.03776978417266187,0.22534116398203363,0.8779541446208112,0.7800586510263929
2636,Immanuel,Quickley,0.36514161220043573,0.35207823960880197,0.40458015267175573,0.10067114093959732,0.3333333333333333,0.28227848101265823,0.3505535055350554,0.5,0.3561643835616438,0.2772861356932153,0.018779342723004695,0.41857730746619637,0.32675709001233044,0.3228346456692913,0.32553956834532377,0.12640513495038808,0.8107997265892002,0.6792452830188679
2638,Paul,Reed,0.05533769063180828,0.012224938875305624,0.015267175572519083,0.26174496644295303,0.10189982728842834,0.17341772151898735,0.022140221402214024,0.271875,0.33561643835616434,0.05604719764011799,0.1267605633802817,0.06349206349206349,0.07521578298397041,0.050393700787401574,0.030575539568345324,0.5278840779954669,0.3134920634920635,0.625
2644,Jalen,Smith,0.18431372549019606,0.10024449877750612,0.12595419847328243,0.3724832214765101,0.32124352331606215,0.3759493670886076,0.014760147601476013,0.25625,0.10273972602739725,0.10324483775811209,0.20187793427230047,0.18988830099941212,0.19482120838471023,0.1700787401574803,0.14928057553956833,0.3911988709458666,0.6322278911564625,0.6212121212121212
2647,Lamar,Stevens,0.14684095860566448,0.044009779951100246,0.0648854961832061,0.15771812080536912,0.16753022452504318,0.18227848101265823,0.04551045510455104,0.29375,0.2054794520547945,0.10324483775811209,0.09389671361502347,0.17401528512639625,0.17016029593094945,0.13700787401574804,0.10791366906474821,0.3470807518639084,0.5111459968602827,0.5294117647058824
2648,Isaiah,Stewart,0.23485838779956425,0.039119804400977995,0.047709923664122134,0.761744966442953,0.6563039723661486,0.7683544303797469,0.08733087330873308,0.640625,0.136986301369863,0.2300884955752212,0.40375586854460094,0.26690182245737804,0.2872996300863132,0.1653543307086614,0.13309352517985612,0.4375167553661571,0.5314110965487113,0.64
2650,Jae'Sean,Tate,0.3712418300653595,0.15403422982885084,0.1946564885496183,0.4429530201342282,0.4421416234887738,0.4911392405063291,0.2607626076260763,0.865625,0.4863013698630137,0.3805309734513274,0.20187793427230047,0.4027042915931805,0.41676942046855736,0.28976377952755905,0.23381294964028776,0.3925321165956045,0.5267477203647415,0.6176470588235294
2656,Xavier,Tillman,0.10152505446623095,0.03178484107579462,0.059160305343511445,0.2751677852348993,0.16062176165803108,0.22151898734177217,0.08118081180811808,0.209375,0.41780821917808214,0.11504424778761062,0.09389671361502347,0.12404467960023516,0.11713933415536376,0.12125984251968502,0.08453237410071943,0.32593548169778586,0.38977072310405636,0.41935483870967744
2658,Obi,Toppin,0.26666666666666666,0.13691931540342298,0.17557251908396945,0.24496644295302014,0.3229706390328152,0.3291139240506329,0.08733087330873308,0.29375,0.1917808219178082,0.15339233038348082,0.1784037558685446,0.2698412698412698,0.29469790382244143,0.1984251968503937,0.17086330935251798,0.4531943922720997,0.6071062271062271,0.6086956521739131
2661,Devin,Vassell,0.37298474945533766,0.3643031784841076,0.3893129770992366,0.16442953020134227,0.4231433506044905,0.3721518987341772,0.15990159901599016,0.4375,0.5342465753424657,0.16814159292035397,0.2112676056338028,0.44620811287477957,0.3921085080147966,0.16377952755905512,0.15827338129496402,0.227776570310802,0.7559082892416227,0.7303921568627451
2664,Patrick,Williams,0.05795206971677559,0.05867970660146699,0.05057251908396947,0.06711409395973154,0.06390328151986183,0.07215189873417721,0.009840098400984008,0.084375,0.0958904109589041,0.035398230088495575,0.06103286384976526,0.05584950029394474,0.05672009864364981,0.07559055118110236,0.061151079136690656,0.4081805498103498,0.5564102564102562,0.9056603773584906
2668,Naji,Marshall,0.13856209150326798,0.05623471882640587,0.11545801526717557,0.15436241610738255,0.1934369602763385,0.2,0.09594095940959409,0.228125,0.2671232876712329,0.15634218289085544,0.051643192488262914,0.16813639035861258,0.13686806411837238,0.18110236220472442,0.1618705035971223,0.19435740910809784,0.6538615446178471,0.38016528925619836
2789,Scottie,Barnes,0.5006535947712418,0.1466992665036675,0.2032442748091603,0.6912751677852349,0.6373056994818653,0.7278481012658229,0.3542435424354244,0.634375,0.595890410958904,0.41297935103244837,0.29107981220657275,0.5649617871840094,0.5758323057953144,0.36850393700787404,0.30935251798561153,0.37373034137917893,0.5707883153261304,0.5633802816901409
2792,Brandon,Boston Jr.,0.1420479302832244,0.097799511002445,0.125,0.057046979865771806,0.11398963730569947,0.10506329113924051,0.06027060270602706,0.11250000000000002,0.17123287671232876,0.09144542772861357,0.07042253521126761,0.18988830099941212,0.14303329223181258,0.13543307086614173,0.1276978417266187,0.13046601856901352,0.7253968253968255,0.6106870229007634
2795,Greg,Brown III,0.07407407407407407,0.0488997555012225,0.06679389312977099,0.13758389261744966,0.14853195164075994,0.16075949367088607,0.027060270602706025,0.24687500000000004,0.1643835616438356,0.0855457227138643,0.13615023474178403,0.09229864785420341,0.07644882860665844,0.10236220472440945,0.07733812949640288,0.241636510596274,0.4746721877156659,0.5714285714285714
2799,Josh,Christopher,0.25359477124183005,0.15403422982885084,0.20610687022900762,0.1711409395973154,0.20034542314335058,0.21139240506329116,0.18327183271832717,0.296875,0.4794520547945205,0.359882005899705,0.06572769953051644,0.2951205173427396,0.27250308261405676,0.1984251968503937,0.16906474820143885,0.28205206047579023,0.5944322344322344,0.5833333333333334
2801,Cade,Cunningham,0.4483660130718954,0.2787286063569682,0.3463740458015267,0.18120805369127516,0.44559585492227977,0.3949367088607595,0.4218942189421894,0.56875,0.5205479452054793,0.6578171091445427,0.20187793427230047,0.570840681951793,0.4895191122071517,0.25826771653543307,0.24820143884892087,0.2010292326700791,0.7450113378684806,0.628099173553719
2802,Ayo,Dosunmu,0.2980392156862745,0.18337408312958436,0.20038167938931298,0.09731543624161074,0.28842832469775476,0.2481012658227848,0.31857318573185733,0.5625,0.4383561643835616,0.3185840707964602,0.14553990610328638,0.328042328042328,0.3489519112207151,0.13385826771653542,0.10791366906474821,0.4235945963625468,0.5371856607811663,0.7142857142857143
2805,Kessler,Edwards,0.09716775599128541,0.12469437652811736,0.14217557251908397,0.14765100671140938,0.16580310880829016,0.17721518987341772,0.027060270602706025,0.225,0.19863013698630136,0.10619469026548674,0.13145539906103287,0.13462669018224574,0.1060419235511714,0.031496062992125984,0.030575539568345324,0.18249229707096926,0.7940476190476191,0.6845637583892618
2811,Quentin,Grimes,0.09934640522875818,0.20048899755501223,0.19942748091603052,0.0738255033557047,0.07253886010362695,0.08101265822784809,0.04428044280442804,0.18750000000000003,0.2191780821917808,0.061946902654867256,0.056338028169014086,0.11934156378600824,0.09494451294697903,0.025196850393700787,0.01618705035971223,0.19710089474680248,0.42333333333333334,0.784688995215311
2816,Bones,Hyland,0.3289760348583878,0.37897310513447435,0.40839694656488545,0.040268456375838924,0.2867012089810017,0.2253164556962025,0.2730627306273063,0.525,0.30821917808219174,0.2743362831858407,0.10328638497652583,0.36566725455614346,0.30332922318125766,0.23307086614173228,0.22482014388489208,0.18087582643324396,0.7506892230576441,0.7242990654205608
2817,Isaiah,Jackson,0.10980392156862745,0.017114914425427872,0.02480916030534351,0.2181208053691275,0.10880829015544041,0.1620253164556962,0.0,0.284375,0.2054794520547945,0.10619469026548674,0.29577464788732394,0.10523221634332747,0.12453760789149199,0.14173228346456693,0.10791366906474821,0.5348123338659324,0.4741641337386018,0.5384615384615384
2820,Keon,Johnson,0.08714596949891068,0.08801955990220049,0.10400763358778625,0.07718120805369127,0.046632124352331605,0.06329113924050633,0.08118081180811808,0.18750000000000003,0.19863013698630136,0.1238938053097345,0.07042253521126761,0.1369782480893592,0.08508014796547472,0.08976377952755905,0.07733812949640288,0.03128752986626304,0.6218579234972677,0.6605504587155964
2822,Herbert,Jones,0.3411764705882353,0.16136919315403422,0.18034351145038166,0.37583892617449666,0.3316062176165803,0.3848101265822785,0.22017220172201724,0.8250000000000001,1.0,0.31563421828908556,0.3474178403755869,0.3586125808348031,0.35635018495684345,0.30078740157480316,0.2805755395683453,0.3508288269584484,0.7042735042735042,0.6984126984126984
2825,Corey,Kispert,0.2514161220043573,0.2860635696821516,0.3263358778625954,0.1711409395973154,0.21588946459412778,0.2227848101265823,0.09348093480934809,0.275,0.2465753424657534,0.12979351032448377,0.10328638497652583,0.28689006466784245,0.2626387176325524,0.09606299212598425,0.09172661870503598,0.274686992830819,0.7465201465201465,0.6842105263157895
2831,Tre,Mann,0.24923747276688452,0.2469437652811736,0.2719465648854962,0.087248322147651,0.20034542314335058,0.17974683544303796,0.10209102091020911,0.278125,0.33561643835616434,0.20648967551622416,0.056338028169014086,0.3286302175191064,0.2589395807644883,0.13543307086614173,0.1223021582733813,0.14123711955573337,0.6704761904761904,0.7087719298245614
2834,Davion,Mitchell,0.36209150326797385,0.2762836185819071,0.3282442748091603,0.1040268456375839,0.17443868739205526,0.1670886075949367,0.3936039360393604,0.428125,0.4041095890410959,0.3244837758112094,0.1267605633802817,0.4885361552028219,0.4204685573366215,0.13070866141732285,0.09532374100719425,0.2070443623366901,0.43185550082101787,0.6569767441860465
2835,Evan,Mobley,0.44793028322440087,0.061124694376528114,0.09446564885496182,0.5,0.7461139896373057,0.7354430379746836,0.21648216482164823,0.475,0.3972602739726027,0.3864306784660767,0.5915492957746479,0.49147560258671374,0.5215782983970407,0.415748031496063,0.3129496402877698,0.41908603428602487,0.4466950959488274,0.5050505050505051
2836,Moses,Moody,0.09716775599128541,0.13447432762836187,0.1364503816793893,0.06040268456375839,0.07081174438687393,0.07468354430379748,0.02460024600246002,0.10937500000000003,0.0958904109589041,0.035398230088495575,0.06572769953051644,0.10934744268077601,0.09617755856966709,0.06299212598425197,0.05215827338129497,0.27486336480404583,0.588095238095238,0.7692307692307693
2837,Trey,Murphy III,0.15947712418300652,0.2469437652811736,0.23473282442748092,0.17785234899328858,0.17443868739205526,0.1949367088607595,0.04674046740467404,0.17187500000000003,0.17123287671232876,0.032448377581120944,0.03755868544600939,0.17695473251028807,0.13933415536374846,0.10078740157480315,0.10071942446043167,0.16669897727881633,0.8061624649859944,0.8211382113821138
2845,Austin,Reaves,0.17690631808278867,0.15403422982885084,0.19083969465648853,0.16442953020134227,0.2089810017271157,0.2151898734177215,0.14637146371463713,0.265625,0.2397260273972603,0.11209439528023597,0.10328638497652583,0.17695473251028807,0.15906288532675708,0.1905511811023622,0.18345323741007194,0.27207893502616864,0.7495619047619047,0.63
2846,Jeremiah,Robinson-Earl,0.13594771241830064,0.1466992665036675,0.17366412213740456,0.2550335570469799,0.3005181347150259,0.31645569620253167,0.056580565805658053,0.20625000000000002,0.2054794520547945,0.08849557522123894,0.07042253521126761,0.17577895355673134,0.1405672009864365,0.08976377952755905,0.07374100719424462,0.178642283771422,0.5678376268540204,0.6593406593406593
2849,Jericho,Sims,0.011328976034858391,0.0,0.0,0.22818791946308722,0.1623488773747841,0.2050632911392405,0.014760147601476013,0.178125,0.0821917808219178,0.029498525073746312,0.11267605633802817,0.006466784244562027,0.01849568434032059,0.048818897637795275,0.023381294964028777,0.7856207009498856,0.15265306122448974,
2852,Jalen,Suggs,0.21525054466230936,0.10757946210268948,0.1965648854961832,0.07718120805369127,0.20207253886010362,0.17721518987341772,0.2521525215252153,0.415625,0.4041095890410959,0.4070796460176991,0.107981220657277,0.2998236331569665,0.21208384710234277,0.2551181102362205,0.22122302158273383,0.06263626900330599,0.6129087779690188,0.42718446601941745
2853,Terry,Taylor,0.10675381263616557,0.03178484107579462,0.03721374045801527,0.31879194630872487,0.07081174438687393,0.17215189873417722,0.03567035670356704,0.1375,0.0821917808219178,0.035398230088495575,0.03755868544600939,0.0993533215755438,0.13316892725030827,0.07716535433070866,0.059352517985611516,0.6652692740993272,0.5026055705300987,0.6666666666666666
2861,Trendon,Watford,0.1272331154684096,0.022004889975550123,0.03721374045801527,0.19463087248322147,0.18825561312607947,0.21139240506329116,0.08610086100861009,0.3125,0.18493150684931506,0.11799410029498526,0.13145539906103287,0.12639623750734863,0.14303329223181258,0.14803149606299212,0.1223021582733813,0.4912931971310587,0.5628765792031099,0.46153846153846156
2863,Aaron,Wiggins,0.1599128540305011,0.12224938875305623,0.14599236641221375,0.16442953020134227,0.16580310880829016,0.18354430379746836,0.07749077490774907,0.24375000000000005,0.2328767123287671,0.14454277286135692,0.06103286384976526,0.17930629041740154,0.16892725030826142,0.13228346456692913,0.10791366906474821,0.31257082290032245,0.5506493506493506,0.6535947712418301
2864,Ziaire,Williams,0.23529411764705882,0.2200488997555012,0.2862595419847328,0.11073825503355705,0.15889464594127806,0.15822784810126583,0.08364083640836407,0.375,0.2945205479452055,0.12094395280235988,0.06103286384976526,0.2786596119929453,0.2466091245376079,0.13543307086614173,0.12050359712230217,0.24467323908578742,0.6521693121693122,0.6
2941,Jose,Alvarado,0.13681917211328976,0.10268948655256724,0.1316793893129771,0.09060402684563759,0.08808290155440415,0.09873417721518987,0.1980319803198032,0.2625,0.5410958904109588,0.12094395280235988,0.051643192488262914,0.17166372721928277,0.15043156596794083,0.10393700787401575,0.08093525179856116,0.25190855248858945,0.5057142857142856,0.6086956521739131
3398,Brandon,Williams,0.09760348583877995,0.07579462102689487,0.10114503816793893,0.05033557046979866,0.029360967184801384,0.04050632911392405,0.0996309963099631,0.10625000000000001,0.1506849315068493,0.13864306784660768,0.046948356807511735,0.13051146384479717,0.09001233045622689,0.1464566929133858,0.11510791366906475,0.0969828483169709,0.5074128620520373,0.5849056603773585
