player_id,firstname,lastname,points,minutes,fgm,fga,ftm,fta,tpm,tpa,tpp,offReb,defReb,totReb,assists,pFouls,steals,turnovers,blocks,fgp,ftp
8,LaMarcus,Aldridge,641.0,1108.35,263.0,482.0,100.0,113.0,15.0,52.0,569.9,76.0,193.0,269.0,48.0,83.0,17.0,47.0,49.0,0.5456431535269709,0.8849557522123894
17,Justin,Anderson,123.0,356.93333333333334,45.0,118.0,17.0,22.0,16.0,71.0,376.4,6.0,51.0,57.0,35.0,24.0,10.0,10.0,10.0,0.3813559322033898,0.7727272727272727
18,Kyle,Anderson,626.0,1801.6333333333332,251.0,559.0,82.0,127.0,42.0,134.0,1869.9,82.0,361.0,443.0,213.0,138.0,92.0,88.0,59.0,0.4490161001788909,0.6456692913385826
21,Carmelo,Anthony,976.0,1889.7833333333333,339.0,772.0,139.0,166.0,159.0,420.0,2621.5,62.0,240.0,302.0,69.0,177.0,48.0,64.0,54.0,0.43911917098445596,0.8373493975903614
28,D.J.,Augustin,309.0,922.4333333333334,98.0,234.0,42.0,47.0,71.0,172.0,2077.7,11.0,59.0,70.0,114.0,41.0,17.0,57.0,1.0,0.4188034188034188,0.8936170212765957
36,Harrison,Barnes,1325.0,2690.8166666666666,412.0,876.0,348.0,421.0,153.0,387.0,3011.3,85.0,363.0,448.0,195.0,101.0,56.0,119.0,15.0,0.4703196347031963,0.8266033254156769
38,Will,Barton,1137.0,2491.9333333333334,430.0,985.0,106.0,133.0,171.0,466.0,2854.9,52.0,327.0,379.0,295.0,129.0,60.0,137.0,33.0,0.4365482233502538,0.7969924812030075
44,Kent,Bazemore,177.0,679.9833333333333,60.0,179.0,19.0,25.0,38.0,105.0,1286.1,14.0,73.0,87.0,41.0,90.0,29.0,30.0,10.0,0.33519553072625696,0.76
45,Bradley,Beal,972.0,1524.0166666666667,362.0,811.0,181.0,216.0,67.0,226.0,1308.1,38.0,163.0,201.0,280.0,104.0,41.0,140.0,18.0,0.44636251541307026,0.8379629629629629
46,Malik,Beasley,1051.0,2214.0666666666666,369.0,939.0,57.0,71.0,256.0,690.0,2956.6,29.0,235.0,264.0,126.0,103.0,46.0,52.0,15.0,0.3929712460063898,0.8028169014084507
47,Michael,Beasley,16.0,29.65,6.0,10.0,2.0,2.0,2.0,3.0,66.7,0.0,4.0,4.0,2.0,3.0,1.0,2.0,1.0,0.6,1.0
53,Patrick,Beverley,622.0,1757.4833333333333,206.0,512.0,115.0,161.0,95.0,283.0,2057.7,72.0,209.0,281.0,311.0,212.0,78.0,92.0,62.0,0.40234375,0.7142857142857143
56,Tarik,Black,6.0,16.8,1.0,2.0,4.0,4.0,0.0,0.0,0.0,3.0,1.0,4.0,0.0,2.0,1.0,1.0,0.0,0.5,1.0
59,Eric,Bledsoe,550.0,1428.8166666666666,202.0,484.0,95.0,124.0,51.0,165.0,1538.1,30.0,159.0,189.0,240.0,91.0,72.0,123.0,21.0,0.41735537190082644,0.7661290322580645
64,Devin,Booker,2092.0,2758.1666666666665,756.0,1624.0,364.0,418.0,216.0,558.0,2979.1,56.0,342.0,398.0,376.0,209.0,87.0,202.0,30.0,0.46551724137931033,0.8708133971291866
68,Avery,Bradley,411.0,1440.35,155.0,366.0,17.0,19.0,84.0,217.0,2261.0,31.0,105.0,136.0,50.0,121.0,58.0,38.0,9.0,0.42349726775956287,0.8947368421052632
71,Malcolm,Brogdon,719.0,1251.7,257.0,566.0,144.0,170.0,61.0,193.0,1129.0,34.0,158.0,192.0,219.0,74.0,32.0,83.0,14.0,0.4540636042402827,0.8470588235294118
75,Jaylen,Brown,2138.0,3166.4666666666667,781.0,1652.0,346.0,455.0,230.0,637.0,3187.4,86.0,488.0,574.0,319.0,235.0,97.0,255.0,29.0,0.4727602905569007,0.7604395604395604
82,Reggie,Bullock,779.0,2623.2833333333333,264.0,657.0,56.0,66.0,195.0,528.0,2876.1,41.0,283.0,324.0,114.0,159.0,63.0,48.0,15.0,0.4018264840182648,0.8484848484848485
83,Trey,Burke,269.0,509.6166666666667,104.0,257.0,30.0,33.0,31.0,100.0,1153.7,4.0,38.0,42.0,69.0,42.0,15.0,28.0,0.0,0.4046692607003891,0.9090909090909091
84,Alec,Burks,971.0,2381.2,294.0,752.0,220.0,268.0,163.0,406.0,3339.4,47.0,355.0,402.0,245.0,221.0,88.0,92.0,28.0,0.39095744680851063,0.8208955223880597
86,Jimmy,Butler,1721.0,2610.45,576.0,1180.0,518.0,600.0,51.0,187.0,1501.2,142.0,324.0,466.0,395.0,114.0,133.0,147.0,38.0,0.488135593220339,0.8633333333333333
89,Kentavious,Caldwell-Pope,1043.0,2396.95,369.0,845.0,139.0,157.0,166.0,421.0,2894.4,43.0,227.0,270.0,151.0,143.0,87.0,104.0,29.0,0.4366863905325444,0.8853503184713376
104,Marquese,Chriss,187.0,428.45,71.0,156.0,36.0,51.0,9.0,30.0,600.0,39.0,85.0,124.0,19.0,69.0,17.0,24.0,14.0,0.4551282051282051,0.7058823529411765
106,Semaj,Christon,0.0,0.0,0.0,0.0,0.0,0.0,0.0,0.0,0.0,0.0,0.0,0.0,0.0,0.0,0.0,0.0,0.0,,
114,Mike,Conley,1074.0,2281.2166666666667,374.0,871.0,144.0,181.0,182.0,453.0,3127.7,50.0,192.0,242.0,419.0,161.0,104.0,139.0,23.0,0.4293915040183697,0.7955801104972375
115,Pat,Connaughton,794.0,2087.616666666667,281.0,613.0,53.0,62.0,179.0,457.0,3108.9,50.0,285.0,335.0,102.0,102.0,64.0,43.0,19.0,0.45840130505709625,0.8548387096774194
117,DeMarcus,Cousins,483.0,773.9333333333333,168.0,353.0,106.0,140.0,41.0,128.0,1565.2,77.0,210.0,287.0,77.0,148.0,38.0,92.0,22.0,0.47592067988668557,0.7571428571428571
118,Robert,Covington,650.0,2070.25,222.0,530.0,70.0,82.0,136.0,360.0,2683.4,64.0,353.0,417.0,94.0,202.0,109.0,78.0,95.0,0.4188679245283019,0.8536585365853658
121,Jae,Crowder,777.0,2330.4,267.0,672.0,91.0,117.0,152.0,445.0,2843.7,39.0,392.0,431.0,159.0,224.0,110.0,78.0,37.0,0.39732142857142855,0.7777777777777778
123,Seth,Curry,1054.0,2359.2833333333333,394.0,807.0,89.0,104.0,177.0,414.0,3086.5,24.0,193.0,217.0,245.0,176.0,59.0,116.0,18.0,0.4882280049566295,0.8557692307692307
124,Stephen,Curry,2380.0,3101.7166666666667,788.0,1761.0,395.0,443.0,409.0,1048.0,3494.5,46.0,427.0,473.0,545.0,193.0,125.0,280.0,33.0,0.44747302668938105,0.891647855530474
126,Anthony,Davis,982.0,1494.6666666666667,385.0,742.0,197.0,280.0,15.0,77.0,644.9,109.0,306.0,415.0,129.0,101.0,58.0,84.0,95.0,0.5188679245283019,0.7035714285714286
128,Ed,Davis,28.0,201.3,11.0,16.0,6.0,14.0,0.0,0.0,0.0,14.0,50.0,64.0,7.0,33.0,3.0,5.0,9.0,0.6875,0.42857142857142855
131,Dewayne,Dedmon,485.0,1252.3166666666666,187.0,342.0,91.0,121.0,20.0,59.0,1383.3,120.0,317.0,437.0,53.0,219.0,26.0,83.0,47.0,0.5467836257309941,0.7520661157024794
136,DeMar,DeRozan,2299.0,3089.8166666666666,843.0,1699.0,560.0,639.0,53.0,160.0,2471.7,60.0,380.0,440.0,413.0,197.0,78.0,201.0,28.0,0.4961742201294879,0.8763693270735524
142,Spencer,Dinwiddie,1228.0,2575.2,404.0,967.0,261.0,332.0,159.0,442.0,2828.1,53.0,282.0,335.0,430.0,198.0,61.0,139.0,19.0,0.41778697001034126,0.786144578313253
147,Andre,Drummond,673.0,1602.8,283.0,492.0,107.0,200.0,0.0,3.0,0.0,248.0,486.0,734.0,146.0,213.0,88.0,135.0,78.0,0.5752032520325203,0.535
153,Kevin,Durant,1833.0,2346.75,641.0,1257.0,421.0,464.0,130.0,337.0,2536.6,33.0,422.0,455.0,392.0,131.0,55.0,218.0,57.0,0.5099443118536198,0.9073275862068966
157,Wayne,Ellington,309.0,895.05,104.0,258.0,15.0,18.0,86.0,227.0,1889.9,10.0,80.0,90.0,34.0,49.0,24.0,19.0,6.0,0.40310077519379844,0.8333333333333334
169,Derrick,Favors,216.0,666.9833333333333,99.0,189.0,16.0,25.0,2.0,17.0,200.0,59.0,130.0,189.0,25.0,64.0,17.0,11.0,12.0,0.5238095238095238,0.64
175,Dorian,Finney-Smith,1107.0,3390.7666666666664,405.0,867.0,77.0,112.0,220.0,551.0,3855.4,161.0,328.0,489.0,191.0,240.0,107.0,103.0,49.0,0.4671280276816609,0.6875
176,Bryn,Forbes,747.0,1458.9666666666667,261.0,606.0,86.0,96.0,139.0,333.0,3003.5,12.0,91.0,103.0,87.0,107.0,27.0,62.0,5.0,0.4306930693069307,0.8958333333333334
186,Rudy,Gay,446.0,1038.15,157.0,379.0,62.0,79.0,70.0,203.0,1826.5,55.0,187.0,242.0,56.0,95.0,25.0,47.0,19.0,0.41424802110817943,0.7848101265822784
189,Paul,George,803.0,1152.0333333333333,284.0,678.0,136.0,160.0,99.0,279.0,1174.4,12.0,215.0,227.0,187.0,80.0,71.0,132.0,13.0,0.41887905604719766,0.85
190,Taj,Gibson,274.0,1033.5333333333333,105.0,196.0,47.0,57.0,17.0,43.0,978.4,93.0,157.0,250.0,37.0,153.0,25.0,27.0,43.0,0.5357142857142857,0.8245614035087719
195,Aaron,Gordon,1232.0,2630.5666666666666,469.0,920.0,200.0,271.0,94.0,287.0,2749.5,145.0,347.0,492.0,211.0,168.0,47.0,142.0,51.0,0.5097826086956522,0.7380073800738007
196,Eric,Gordon,771.0,1690.0666666666666,270.0,567.0,105.0,135.0,126.0,304.0,2399.6,15.0,99.0,114.0,156.0,64.0,29.0,107.0,18.0,0.47619047619047616,0.7777777777777778
200,Jerami,Grant,978.0,1613.4666666666667,321.0,751.0,239.0,286.0,97.0,272.0,1760.3,29.0,177.0,206.0,122.0,112.0,45.0,94.0,52.0,0.4274300932090546,0.8356643356643356
203,Danny,Green,488.0,1719.2833333333333,169.0,427.0,11.0,15.0,139.0,362.0,2904.9,45.0,158.0,203.0,76.0,129.0,73.0,58.0,41.0,0.3957845433255269,0.7333333333333333
204,Draymond,Green,549.0,2109.266666666667,214.0,423.0,94.0,144.0,27.0,101.0,1473.2,74.0,438.0,512.0,473.0,231.0,92.0,208.0,74.0,0.5059101654846335,0.6527777777777778
206,JaMychal,Green,476.0,1202.6,173.0,364.0,94.0,106.0,36.0,142.0,1481.5,89.0,222.0,311.0,65.0,179.0,45.0,64.0,28.0,0.47527472527472525,0.8867924528301887
207,Jeff,Green,823.0,2023.7166666666667,293.0,566.0,177.0,214.0,60.0,185.0,1877.8,50.0,205.0,255.0,101.0,165.0,33.0,80.0,32.0,0.5176678445229682,0.8271028037383178
208,Blake,Griffin,378.0,1026.0666666666666,139.0,328.0,58.0,80.0,42.0,157.0,1111.7,63.0,176.0,239.0,115.0,104.0,29.0,35.0,16.0,0.42378048780487804,0.725
215,Tim,Hardaway Jr.,631.0,1302.1666666666667,220.0,557.0,82.0,108.0,109.0,320.0,1464.1,15.0,151.0,166.0,100.0,75.0,38.0,34.0,8.0,0.39497307001795334,0.7592592592592593
216,James,Harden,1690.0,2980.383333333333,484.0,1180.0,541.0,618.0,181.0,540.0,2576.6,67.0,512.0,579.0,792.0,188.0,93.0,347.0,44.0,0.4101694915254237,0.8754045307443366
218,Montrezl,Harrell,996.0,1737.55,376.0,591.0,240.0,330.0,4.0,18.0,333.3,161.0,299.0,460.0,151.0,143.0,32.0,76.0,51.0,0.6362098138747885,0.7272727272727273
220,Gary,Harris,705.0,1806.4,252.0,581.0,83.0,95.0,118.0,312.0,2158.7,36.0,91.0,127.0,113.0,114.0,61.0,62.0,12.0,0.43373493975903615,0.8736842105263158
221,Joe,Harris,199.0,495.7,70.0,146.0,5.0,6.0,54.0,108.0,844.0,6.0,58.0,64.0,19.0,35.0,7.0,19.0,2.0,0.4794520547945205,0.8333333333333334
222,Tobias,Harris,1474.0,3033.0833333333335,579.0,1193.0,192.0,227.0,124.0,334.0,2974.5,88.0,503.0,591.0,291.0,199.0,61.0,135.0,53.0,0.4853310980720872,0.8458149779735683
225,Udonis,Haslem,33.0,96.63333333333333,14.0,35.0,4.0,5.0,1.0,5.0,100.0,4.0,25.0,29.0,7.0,16.0,1.0,6.0,3.0,0.4,0.8
227,Gordon,Hayward,785.0,1580.4166666666667,286.0,624.0,126.0,150.0,87.0,222.0,1989.5,40.0,187.0,227.0,179.0,87.0,47.0,83.0,22.0,0.4583333333333333,0.84
237,George,Hill,354.0,1385.8833333333332,124.0,295.0,64.0,71.0,42.0,144.0,1393.8,41.0,129.0,170.0,127.0,82.0,44.0,47.0,6.0,0.42033898305084744,0.9014084507042254
242,Jrue,Holiday,1491.0,2741.1833333333334,583.0,1217.0,165.0,213.0,160.0,407.0,3304.8,83.0,299.0,382.0,552.0,163.0,133.0,221.0,37.0,0.4790468364831553,0.7746478873239436
243,Justin,Holiday,765.0,2085.9666666666667,267.0,673.0,50.0,62.0,181.0,488.0,2902.0,29.0,163.0,192.0,128.0,155.0,57.0,71.0,33.0,0.3967310549777117,0.8064516129032258
246,Richaun,Holmes,504.0,1147.9833333333333,212.0,328.0,78.0,102.0,2.0,5.0,200.0,101.0,240.0,341.0,54.0,134.0,20.0,58.0,44.0,0.6463414634146342,0.7647058823529411
247,Rodney,Hood,163.0,719.0333333333333,58.0,160.0,17.0,19.0,30.0,93.0,1431.7,15.0,62.0,77.0,38.0,33.0,15.0,13.0,6.0,0.3625,0.8947368421052632
249,Danuel,House Jr.,281.0,894.5166666666667,92.0,238.0,51.0,68.0,46.0,134.0,1367.0,25.0,117.0,142.0,53.0,61.0,23.0,42.0,18.0,0.3865546218487395,0.75
250,Dwight,Howard,413.0,1023.7166666666667,149.0,246.0,107.0,163.0,8.0,16.0,633.3,131.0,251.0,382.0,39.0,132.0,36.0,52.0,40.0,0.6056910569105691,0.656441717791411
256,Andre,Iguodala,142.0,740.4666666666667,53.0,142.0,17.0,23.0,19.0,84.0,889.9,26.0,97.0,123.0,141.0,53.0,31.0,37.0,24.0,0.3732394366197183,0.7391304347826086
260,Brandon,Ingram,1479.0,2199.5833333333335,539.0,1150.0,316.0,383.0,85.0,256.0,2019.3,40.0,329.0,369.0,357.0,138.0,40.0,182.0,27.0,0.46869565217391307,0.825065274151436
264,Reggie,Jackson,1339.0,2465.3333333333335,506.0,1286.0,148.0,176.0,179.0,540.0,2623.8,41.0,250.0,291.0,376.0,167.0,58.0,182.0,16.0,0.39346811819595645,0.8409090909090909
265,LeBron,James,1694.0,2117.9666666666667,646.0,1242.0,245.0,323.0,157.0,452.0,1982.5,62.0,401.0,463.0,359.0,125.0,79.0,205.0,60.0,0.5201288244766505,0.7585139318885449
276,Stanley,Johnson,333.0,1133.5833333333333,121.0,263.0,55.0,76.0,36.0,112.0,1370.0,35.0,130.0,165.0,83.0,117.0,43.0,37.0,14.0,0.4600760456273764,0.7236842105263158
281,Damian,Jones,458.0,1037.1833333333334,177.0,269.0,94.0,131.0,10.0,30.0,850.0,76.0,173.0,249.0,72.0,134.0,26.0,60.0,47.0,0.6579925650557621,0.7175572519083969
283,Derrick,Jones Jr.,317.0,984.35,117.0,221.0,60.0,75.0,23.0,75.0,1238.3,65.0,116.0,181.0,35.0,116.0,26.0,33.0,33.0,0.5294117647058824,0.8
285,Tyus,Jones,781.0,1907.8999999999999,302.0,681.0,73.0,86.0,104.0,267.0,3037.3,23.0,207.0,230.0,389.0,46.0,85.0,64.0,5.0,0.4434654919236417,0.8488372093023255
286,DeAndre,Jordan,256.0,743.0833333333334,113.0,168.0,30.0,53.0,0.0,0.0,0.0,89.0,218.0,307.0,26.0,85.0,15.0,42.0,43.0,0.6726190476190477,0.5660377358490566
297,Brandon,Knight,47.0,89.43333333333334,16.0,41.0,8.0,8.0,7.0,28.0,122.6,0.0,10.0,10.0,10.0,6.0,1.0,9.0,0.0,0.3902439024390244,1.0
303,Jeremy,Lamb,446.0,994.8666666666667,145.0,372.0,99.0,116.0,57.0,181.0,1767.2,27.0,140.0,167.0,86.0,64.0,31.0,38.0,24.0,0.3897849462365591,0.853448275862069
308,Zach,LaVine,1814.0,2607.2166666666667,628.0,1316.0,351.0,409.0,207.0,524.0,2949.8,23.0,323.0,346.0,343.0,132.0,49.0,196.0,26.0,0.47720364741641336,0.8581907090464548
310,Jake,Layman,102.0,274.05,38.0,86.0,16.0,22.0,10.0,41.0,703.3,6.0,37.0,43.0,10.0,16.0,10.0,11.0,6.0,0.4418604651162791,0.7272727272727273
314,Kawhi,Leonard,0.0,0.0,0.0,0.0,0.0,0.0,0.0,0.0,0.0,0.0,0.0,0.0,0.0,0.0,0.0,0.0,0.0,,
317,Caris,LeVert,1014.0,1860.1333333333334,388.0,879.0,151.0,198.0,87.0,267.0,1894.1,43.0,180.0,223.0,260.0,138.0,55.0,111.0,23.0,0.44141069397042093,0.7626262626262627
322,Kevon,Looney,633.0,2275.2,273.0,466.0,87.0,147.0,0.0,1.0,0.0,278.0,513.0,791.0,223.0,277.0,65.0,90.0,65.0,0.5858369098712446,0.5918367346938775
323,Brook,Lopez,329.0,721.0166666666667,128.0,270.0,44.0,50.0,29.0,94.0,652.7,50.0,92.0,142.0,15.0,75.0,16.0,27.0,44.0,0.4740740740740741,0.88
325,Robin,Lopez,258.0,656.2,112.0,209.0,32.0,54.0,2.0,7.0,200.0,70.0,63.0,133.0,58.0,68.0,2.0,47.0,22.0,0.5358851674641149,0.5925925925925926
327,Kyle,Lowry,948.0,2516.1,309.0,739.0,168.0,200.0,162.0,452.0,2646.5,39.0,293.0,332.0,545.0,216.0,88.0,197.0,25.0,0.4181326116373478,0.84
341,Wesley,Matthews,323.0,1346.5333333333333,112.0,284.0,28.0,37.0,71.0,202.0,1904.0,39.0,90.0,129.0,50.0,114.0,32.0,24.0,11.0,0.39436619718309857,0.7567567567567568
347,CJ,McCollum,1602.0,2524.8166666666666,625.0,1382.0,141.0,205.0,211.0,554.0,2666.3,65.0,256.0,321.0,364.0,145.0,77.0,153.0,29.0,0.45224312590448623,0.6878048780487804
348,T.J.,McConnell,248.0,735.8,107.0,231.0,21.0,25.0,13.0,41.0,584.6,28.0,78.0,106.0,151.0,58.0,39.0,36.0,11.0,0.46320346320346323,0.84
351,Doug,McDermott,626.0,1328.4166666666667,232.0,505.0,45.0,56.0,117.0,277.0,2040.8,22.0,104.0,126.0,73.0,92.0,14.0,46.0,7.0,0.4594059405940594,0.8035714285714286
354,Rodney,McGruder,280.0,788.7333333333333,101.0,234.0,19.0,26.0,59.0,148.0,1402.9,33.0,83.0,116.0,49.0,59.0,22.0,26.0,7.0,0.43162393162393164,0.7307692307692307
355,Ben,McLemore,660.0,1345.4166666666667,218.0,551.0,72.0,88.0,152.0,426.0,2178.0,13.0,94.0,107.0,63.0,104.0,40.0,65.0,11.0,0.3956442831215971,0.8181818181818182
361,Khris,Middleton,1398.0,2275.633333333333,478.0,1074.0,268.0,300.0,174.0,459.0,2661.5,45.0,334.0,379.0,379.0,172.0,80.0,206.0,19.0,0.4450651769087523,0.8933333333333333
366,Paul,Millsap,141.0,439.45,56.0,140.0,17.0,25.0,12.0,44.0,474.9,48.0,91.0,139.0,37.0,75.0,14.0,27.0,16.0,0.4,0.68
369,Greg,Monroe,80.0,201.93333333333334,34.0,62.0,12.0,23.0,0.0,0.0,0.0,31.0,35.0,66.0,23.0,25.0,10.0,13.0,10.0,0.5483870967741935,0.5217391304347826
371,E'Twaun,Moore,26.0,61.61666666666667,10.0,22.0,2.0,2.0,4.0,8.0,150.0,4.0,7.0,11.0,4.0,5.0,2.0,4.0,0.0,0.45454545454545453,1.0
373,Marcus,Morris Sr.,869.0,1637.8333333333333,314.0,722.0,135.0,156.0,106.0,290.0,1812.2,29.0,219.0,248.0,119.0,120.0,28.0,71.0,18.0,0.43490304709141275,0.8653846153846154
374,Markieff,Morris,167.0,396.9,69.0,149.0,15.0,19.0,14.0,48.0,524.9,25.0,45.0,70.0,29.0,40.0,9.0,26.0,3.0,0.46308724832214765,0.7894736842105263
382,Dejounte,Murray,1539.0,2530.7833333333333,613.0,1321.0,209.0,260.0,104.0,317.0,2107.5,86.0,513.0,599.0,654.0,148.0,143.0,190.0,26.0,0.4640423921271764,0.8038461538461539
384,Mike,Muscala,375.0,639.75,124.0,272.0,53.0,63.0,74.0,175.0,1901.3,23.0,115.0,138.0,23.0,60.0,19.0,14.0,27.0,0.45588235294117646,0.8412698412698413
385,Larry,Nance Jr.,397.0,1262.95,161.0,303.0,50.0,72.0,25.0,83.0,1191.5,100.0,217.0,317.0,99.0,107.0,50.0,47.0,24.0,0.5313531353135313,0.6944444444444444
391,Georges,Niang,792.0,2014.3,279.0,641.0,55.0,63.0,179.0,447.0,3690.1,31.0,199.0,230.0,122.0,232.0,39.0,68.0,15.0,0.43525741029641185,0.873015873015873
394,Nerlens,Noel,85.0,561.95,32.0,60.0,21.0,30.0,0.0,3.0,0.0,48.0,93.0,141.0,23.0,67.0,29.0,20.0,31.0,0.5333333333333333,0.7
403,Victor,Oladipo,258.0,540.8,85.0,209.0,56.0,72.0,32.0,98.0,635.3,7.0,67.0,74.0,59.0,42.0,24.0,41.0,5.0,0.40669856459330145,0.7777777777777778
407,Kelly,Oubre Jr.,1145.0,2028.5666666666666,413.0,943.0,127.0,191.0,192.0,560.0,2352.3,79.0,228.0,307.0,84.0,192.0,77.0,68.0,35.0,0.43796394485683987,0.6649214659685864
415,Chris,Paul,1209.0,2633.6833333333334,460.0,911.0,204.0,239.0,85.0,256.0,2526.0,29.0,312.0,341.0,826.0,180.0,142.0,189.0,22.0,0.5049396267837541,0.8535564853556485
417,Cameron,Payne,715.0,1541.0333333333333,276.0,702.0,85.0,100.0,78.0,256.0,2370.3,31.0,176.0,207.0,332.0,148.0,51.0,124.0,18.0,0.39316239316239315,0.85
418,Elfrid,Payton,181.0,627.5666666666666,81.0,200.0,14.0,34.0,5.0,20.0,350.0,23.0,77.0,100.0,117.0,41.0,33.0,52.0,8.0,0.405,0.4117647058823529
426,Mason,Plumlee,484.0,1842.9333333333334,208.0,324.0,68.0,173.0,0.0,2.0,0.0,183.0,399.0,582.0,233.0,230.0,61.0,107.0,52.0,0.6419753086419753,0.3930635838150289
430,Otto,Porter Jr.,682.0,1860.2833333333333,251.0,533.0,65.0,82.0,115.0,292.0,2778.4,101.0,351.0,452.0,137.0,123.0,89.0,51.0,37.0,0.4709193245778612,0.7926829268292683
431,Bobby,Portis,1179.0,2325.5333333333333,465.0,986.0,102.0,135.0,147.0,385.0,2825.0,206.0,572.0,778.0,95.0,200.0,58.0,106.0,54.0,0.4716024340770791,0.7555555555555555
434,Norman,Powell,925.0,1572.8,305.0,666.0,201.0,250.0,114.0,275.0,2114.3,21.0,139.0,160.0,98.0,116.0,44.0,77.0,22.0,0.45795795795795796,0.804
437,Taurean,Prince,566.0,1316.65,200.0,447.0,68.0,89.0,98.0,263.0,2502.2,28.0,166.0,194.0,78.0,125.0,53.0,58.0,24.0,0.44742729306487694,0.7640449438202247
441,Julius,Randle,1517.0,2641.733333333333,536.0,1295.0,318.0,421.0,127.0,408.0,1978.9,130.0,617.0,747.0,379.0,211.0,56.0,251.0,40.0,0.4138996138996139,0.7553444180522565
446,Josh,Richardson,699.0,1695.8333333333333,246.0,565.0,101.0,114.0,106.0,260.0,2572.3,43.0,152.0,195.0,122.0,122.0,60.0,68.0,31.0,0.4353982300884956,0.8859649122807017
447,Malachi,Richardson,0.0,0.0,0.0,0.0,0.0,0.0,0.0,0.0,0.0,0.0,0.0,0.0,0.0,0.0,0.0,0.0,0.0,,
448,Austin,Rivers,440.0,1674.9833333333333,159.0,385.0,37.0,54.0,85.0,252.0,2285.6,21.0,104.0,125.0,100.0,141.0,61.0,65.0,7.0,0.412987012987013,0.6851851851851852
455,Rajon,Rondo,205.0,825.2166666666667,76.0,198.0,19.0,26.0,34.0,99.0,1146.7,15.0,122.0,137.0,199.0,67.0,31.0,85.0,6.0,0.3838383838383838,0.7307692307692307
456,Derrick,Rose,376.0,735.8333333333334,145.0,320.0,41.0,42.0,45.0,106.0,1082.3,23.0,68.0,91.0,125.0,18.0,27.0,43.0,12.0,0.453125,0.9761904761904762
457,Terrence,Ross,670.0,1522.8833333333332,236.0,589.0,117.0,136.0,81.0,275.0,1791.7,21.0,146.0,167.0,125.0,73.0,32.0,78.0,14.0,0.400679117147708,0.8602941176470589
458,Terry,Rozier,1461.0,2539.15,535.0,1207.0,161.0,189.0,230.0,614.0,2712.4,58.0,262.0,320.0,338.0,124.0,94.0,105.0,26.0,0.44324772162386084,0.8518518518518519
486,Marcus,Smart,1198.0,3106.45,417.0,1010.0,196.0,245.0,168.0,502.0,2900.5,63.0,306.0,369.0,549.0,236.0,147.0,215.0,24.0,0.41287128712871285,0.8
488,Ish,Smith,431.0,1190.0166666666667,195.0,456.0,16.0,29.0,25.0,68.0,1274.9,28.0,121.0,149.0,254.0,83.0,52.0,86.0,24.0,0.4276315789473684,0.5517241379310345
492,Tony,Snell,187.0,826.2333333333333,69.0,172.0,4.0,4.0,45.0,129.0,1395.8,16.0,88.0,104.0,29.0,72.0,16.0,19.0,9.0,0.4011627906976744,1.0
497,Lance,Stephenson,384.0,813.9,147.0,323.0,63.0,80.0,27.0,90.0,924.9,12.0,115.0,127.0,165.0,96.0,24.0,72.0,4.0,0.4551083591331269,0.7875
507,Garrett,Temple,324.0,1163.6833333333334,118.0,318.0,28.0,41.0,60.0,195.0,1675.0,33.0,122.0,155.0,75.0,84.0,43.0,49.0,24.0,0.3710691823899371,0.6829268292682927
510,Isaiah,Thomas,187.0,339.1666666666667,68.0,171.0,22.0,26.0,29.0,84.0,786.5,6.0,25.0,31.0,35.0,35.0,7.0,16.0,5.0,0.39766081871345027,0.8461538461538461
514,Klay,Thompson,1071.0,1732.55,404.0,941.0,72.0,81.0,191.0,496.0,1979.8,22.0,189.0,211.0,138.0,101.0,40.0,71.0,32.0,0.4293304994686504,0.8888888888888888
519,Karl-Anthony,Towns,2029.0,2826.2,710.0,1352.0,444.0,536.0,165.0,412.0,3263.5,218.0,614.0,832.0,304.0,309.0,81.0,266.0,98.0,0.5251479289940828,0.8283582089552238
520,P.J.,Tucker,691.0,2503.5833333333335,264.0,544.0,56.0,77.0,107.0,250.0,3404.2,138.0,350.0,488.0,182.0,210.0,74.0,81.0,21.0,0.4852941176470588,0.7272727272727273
522,Myles,Turner,584.0,1321.0666666666666,215.0,428.0,89.0,117.0,65.0,200.0,1368.8,69.0,248.0,317.0,48.0,126.0,30.0,62.0,122.0,0.5023364485981309,0.7606837606837606
527,Fred,VanVleet,1431.0,2709.366666666667,482.0,1199.0,200.0,231.0,267.0,709.0,2796.6,47.0,269.0,316.0,482.0,179.0,122.0,180.0,41.0,0.40200166805671395,0.8658008658008658
538,Kemba,Walker,461.0,1009.1,160.0,398.0,63.0,74.0,78.0,216.0,1181.1,14.0,107.0,121.0,145.0,41.0,28.0,51.0,7.0,0.4020100502512563,0.8513513513513513
539,John,Wall,0.0,0.0,0.0,0.0,0.0,0.0,0.0,0.0,0.0,0.0,0.0,0.0,0.0,0.0,0.0,0.0,0.0,,
540,T.J.,Warren,0.0,0.0,0.0,0.0,0.0,0.0,0.0,0.0,0.0,0.0,0.0,0.0,0.0,0.0,0.0,0.0,0.0,,
546,Hassan,Whiteside,558.0,1271.7,225.0,354.0,108.0,177.0,0.0,0.0,0.0,180.0,365.0,545.0,26.0,196.0,25.0,55.0,115.0,0.635593220338983,0.6101694915254238
553,Lou,Williams,375.0,827.95,131.0,332.0,75.0,86.0,38.0,104.0,1991.7,17.0,74.0,91.0,107.0,50.0,31.0,45.0,4.0,0.39457831325301207,0.872093023255814
558,Justise,Winslow,287.0,832.1833333333334,116.0,276.0,39.0,66.0,16.0,71.0,645.3,52.0,163.0,215.0,93.0,71.0,35.0,54.0,26.0,0.42028985507246375,0.5909090909090909
560,Christian,Wood,1272.0,2201.1833333333334,461.0,922.0,216.0,357.0,134.0,348.0,2593.8,116.0,612.0,728.0,163.0,182.0,55.0,136.0,68.0,0.5,0.6050420168067226
564,Delon,Wright,405.0,1675.0,144.0,312.0,67.0,80.0,50.0,134.0,2463.3,67.0,192.0,259.0,217.0,61.0,99.0,54.0,22.0,0.46153846153846156,0.8375
570,Thaddeus,Young,347.0,983.9666666666667,152.0,298.0,24.0,53.0,19.0,57.0,976.7,94.0,152.0,246.0,122.0,92.0,64.0,61.0,19.0,0.5100671140939598,0.4528301886792453
594,Wayne,Selden,17.0,30.166666666666664,5.0,11.0,2.0,4.0,5.0,6.0,200.0,1.0,2.0,3.0,4.0,2.0,1.0,2.0,0.0,0.45454545454545453,0.5
599,Damion,Lee,545.0,1468.8166666666666,199.0,451.0,78.0,89.0,69.0,217.0,2021.6,36.0,210.0,246.0,75.0,107.0,42.0,46.0,6.0,0.44124168514412415,0.8764044943820225
609,Ryan,Arcidiacono,16.0,98.35,6.0,17.0,0.0,0.0,4.0,10.0,275.0,2.0,11.0,13.0,9.0,5.0,1.0,6.0,0.0,0.35294117647058826,
631,Alex,Caruso,366.0,1353.3,123.0,304.0,67.0,83.0,53.0,155.0,1546.1,35.0,138.0,173.0,204.0,128.0,82.0,62.0,20.0,0.40460526315789475,0.8072289156626506
723,David,Nwaba,256.0,662.6833333333334,92.0,190.0,55.0,75.0,17.0,53.0,1050.0,42.0,122.0,164.0,35.0,61.0,30.0,24.0,21.0,0.4842105263157895,0.7333333333333333
724,Bam,Adebayo,1389.0,2497.9833333333336,533.0,941.0,323.0,429.0,0.0,7.0,0.0,179.0,549.0,728.0,240.0,231.0,100.0,193.0,61.0,0.5664187035069076,0.752913752913753
727,Jarrett,Allen,968.0,1970.7166666666667,391.0,581.0,185.0,260.0,1.0,11.0,100.0,200.0,444.0,644.0,97.0,105.0,52.0,100.0,81.0,0.6729776247848537,0.7115384615384616
735,Lonzo,Ball,497.0,1327.5,178.0,420.0,22.0,32.0,119.0,280.0,1621.8,37.0,175.0,212.0,195.0,88.0,74.0,87.0,38.0,0.4238095238095238,0.6875
738,Jordan,Bell,12.0,34.766666666666666,5.0,5.0,1.0,2.0,1.0,1.0,100.0,4.0,3.0,7.0,3.0,4.0,3.0,8.0,2.0,1.0,0.5
741,Antonio,Blakeney,23.0,31.8,10.0,20.0,1.0,2.0,2.0,7.0,28.6,1.0,6.0,7.0,0.0,3.0,0.0,3.0,0.0,0.5,0.5
748,Tony,Bradley,177.0,566.15,79.0,133.0,19.0,29.0,0.0,0.0,0.0,68.0,124.0,192.0,29.0,64.0,10.0,34.0,33.0,0.5939849624060151,0.6551724137931034
753,Thomas,Bryant,201.0,439.08333333333337,77.0,148.0,35.0,40.0,12.0,42.0,748.3,26.0,82.0,108.0,23.0,43.0,6.0,19.0,21.0,0.5202702702702703,0.875
761,John,Collins,980.0,1885.2333333333333,379.0,725.0,152.0,196.0,70.0,193.0,2093.3,103.0,382.0,485.0,109.0,182.0,40.0,75.0,60.0,0.5227586206896552,0.7755102040816326
762,Zach,Collins,223.0,518.7833333333333,78.0,159.0,53.0,67.0,14.0,42.0,791.7,47.0,108.0,155.0,61.0,69.0,13.0,45.0,24.0,0.49056603773584906,0.7910447761194029
776,De'Aaron,Fox,1425.0,2185.133333333333,536.0,1145.0,274.0,362.0,79.0,269.0,1770.1,27.0,221.0,248.0,347.0,181.0,72.0,177.0,25.0,0.46812227074235807,0.7569060773480663
779,Markelle,Fultz,195.0,359.71666666666664,83.0,175.0,25.0,31.0,4.0,17.0,300.0,4.0,45.0,49.0,99.0,22.0,20.0,40.0,5.0,0.4742857142857143,0.8064516129032258
791,Josh,Hart,822.0,1861.0833333333333,292.0,588.0,163.0,216.0,75.0,223.0,1761.3,67.0,336.0,403.0,231.0,156.0,63.0,117.0,13.0,0.4965986394557823,0.7546296296296297
795,Isaiah,Hicks,11.0,24.25,5.0,7.0,0.0,0.0,1.0,2.0,50.0,4.0,5.0,9.0,3.0,7.0,0.0,2.0,1.0,0.7142857142857143,
801,Jonathan,Isaac,0.0,0.0,0.0,0.0,0.0,0.0,0.0,0.0,0.0,0.0,0.0,0.0,0.0,0.0,0.0,0.0,0.0,,
805,Josh,Jackson,379.0,945.25,140.0,344.0,58.0,83.0,41.0,152.0,1064.2,26.0,135.0,161.0,71.0,98.0,27.0,52.0,26.0,0.4069767441860465,0.6987951807228916
814,Luke,Kennard,888.0,2017.2333333333333,304.0,682.0,80.0,90.0,200.0,447.0,3354.1,21.0,224.0,245.0,153.0,103.0,46.0,64.0,6.0,0.44574780058651026,0.8888888888888888
819,Luke,Kornet,37.0,122.86666666666666,16.0,31.0,4.0,6.0,1.0,6.0,100.0,14.0,20.0,34.0,10.0,10.0,4.0,1.0,3.0,0.5161290322580645,0.6666666666666666
820,Kyle,Kuzma,1179.0,2308.0666666666666,440.0,978.0,160.0,226.0,139.0,402.0,2174.1,72.0,512.0,584.0,242.0,137.0,46.0,175.0,57.0,0.4498977505112474,0.7079646017699115
834,Erik,McCree,0.0,0.0,0.0,0.0,0.0,0.0,0.0,0.0,0.0,0.0,0.0,0.0,0.0,0.0,0.0,0.0,0.0,,
837,Malcolm,Miller,4.0,23.2,2.0,7.0,0.0,0.0,0.0,5.0,0.0,2.0,2.0,4.0,0.0,2.0,2.0,2.0,0.0,0.2857142857142857,
840,Donovan,Mitchell,1926.0,2560.65,687.0,1554.0,307.0,358.0,245.0,719.0,2502.4,62.0,250.0,312.0,402.0,184.0,108.0,224.0,18.0,0.4420849420849421,0.8575418994413407
844,Jaylen,Morris,4.0,30.933333333333334,1.0,11.0,2.0,4.0,0.0,4.0,0.0,0.0,2.0,2.0,4.0,2.0,0.0,1.0,0.0,0.09090909090909091,0.5
845,Monte,Morris,1040.0,2480.15,410.0,851.0,82.0,101.0,138.0,350.0,3130.6,28.0,215.0,243.0,372.0,108.0,65.0,90.0,15.0,0.481786133960047,0.8118811881188119
865,Davon,Reed,227.0,721.0166666666667,87.0,176.0,13.0,19.0,40.0,94.0,1273.1,15.0,99.0,114.0,59.0,68.0,29.0,19.0,9.0,0.4943181818181818,0.6842105263157895
893,Tyrone,Wallace,22.0,95.0,8.0,25.0,4.0,8.0,2.0,8.0,70.0,1.0,9.0,10.0,2.0,10.0,4.0,3.0,1.0,0.32,0.5
894,Derrick,Walton Jr.,19.0,108.2,6.0,26.0,4.0,4.0,3.0,13.0,53.3,2.0,8.0,10.0,21.0,8.0,7.0,11.0,4.0,0.23076923076923078,1.0
897,Derrick,White,1242.0,2913.6666666666665,420.0,1032.0,255.0,299.0,147.0,479.0,2906.7,48.0,305.0,353.0,445.0,230.0,88.0,154.0,75.0,0.4069767441860465,0.8528428093645485
926,Grayson,Allen,878.0,2199.383333333333,308.0,685.0,73.0,87.0,189.0,461.0,3182.3,37.0,236.0,273.0,118.0,121.0,54.0,53.0,24.0,0.44963503649635034,0.8390804597701149
931,Marvin,Bagley III,564.0,1186.9666666666667,235.0,461.0,70.0,109.0,24.0,103.0,1051.6,107.0,240.0,347.0,36.0,97.0,22.0,41.0,18.0,0.5097613882863341,0.6422018348623854
932,Mo,Bamba,802.0,1906.3666666666666,314.0,651.0,62.0,81.0,112.0,293.0,2737.9,156.0,444.0,600.0,87.0,191.0,38.0,81.0,135.0,0.4823348694316436,0.7654320987654321
934,Keita,Bates-Diop,347.0,1010.4166666666666,141.0,278.0,46.0,63.0,19.0,61.0,883.3,64.0,182.0,246.0,43.0,64.0,29.0,46.0,15.0,0.5071942446043165,0.7301587301587301
940,Mikal,Bridges,1367.0,3435.3333333333335,537.0,1030.0,161.0,189.0,132.0,355.0,3332.5,87.0,334.0,421.0,229.0,186.0,112.0,82.0,52.0,0.5213592233009708,0.8518518518518519
944,Bruce,Brown,745.0,2022.3166666666666,294.0,579.0,109.0,142.0,48.0,119.0,2040.2,109.0,273.0,382.0,170.0,206.0,89.0,72.0,56.0,0.5077720207253886,0.7676056338028169
945,Troy,Brown Jr.,315.0,1145.7833333333333,121.0,299.0,20.0,26.0,53.0,159.0,2130.1,42.0,177.0,219.0,76.0,66.0,39.0,33.0,5.0,0.40468227424749165,0.7692307692307693
946,Jalen,Brunson,1713.0,3214.766666666667,668.0,1349.0,255.0,308.0,122.0,334.0,3161.4,61.0,345.0,406.0,457.0,191.0,82.0,145.0,5.0,0.4951816160118606,0.827922077922078
949,Jevon,Carter,343.0,1122.8,123.0,308.0,17.0,20.0,80.0,196.0,2360.0,18.0,114.0,132.0,111.0,89.0,35.0,47.0,15.0,0.39935064935064934,0.85
950,Wendell,Carter Jr.,981.0,1953.7666666666667,377.0,712.0,153.0,220.0,74.0,223.0,2245.7,148.0,535.0,683.0,179.0,177.0,39.0,131.0,47.0,0.5294943820224719,0.6954545454545454
953,Gary,Clark,101.0,378.05,33.0,88.0,7.0,10.0,28.0,70.0,1023.4,23.0,67.0,90.0,18.0,20.0,13.0,10.0,7.0,0.375,0.7
959,Marcus,Derrickson,0.0,0.0,0.0,0.0,0.0,0.0,0.0,0.0,0.0,0.0,0.0,0.0,0.0,0.0,0.0,0.0,0.0,,
960,Hamidou,Diallo,670.0,1347.7,275.0,553.0,97.0,149.0,23.0,99.0,961.7,72.0,222.0,294.0,78.0,152.0,77.0,67.0,18.0,0.4972875226039783,0.6510067114093959
969,Melvin,Frazier Jr.,32.0,119.56666666666666,13.0,48.0,5.0,7.0,1.0,21.0,11.1,5.0,8.0,13.0,1.0,8.0,1.0,3.0,0.0,0.2708333333333333,0.7142857142857143
973,Devonte',Graham,959.0,2315.6666666666665,313.0,864.0,128.0,152.0,205.0,597.0,2722.4,41.0,156.0,197.0,330.0,103.0,74.0,117.0,11.0,0.36226851851851855,0.8421052631578947
979,Aaron,Holiday,458.0,1107.0666666666666,173.0,379.0,65.0,77.0,47.0,117.0,2411.2,29.0,112.0,141.0,172.0,101.0,48.0,75.0,10.0,0.45646437994722955,0.8441558441558441
980,Kevin,Huerter,1001.0,2473.2,388.0,856.0,45.0,56.0,180.0,461.0,3074.3,35.0,250.0,285.0,235.0,213.0,63.0,107.0,31.0,0.4532710280373832,0.8035714285714286
982,Jaren,Jackson Jr.,1529.0,2566.3,515.0,1248.0,330.0,406.0,169.0,502.0,3035.7,153.0,411.0,564.0,102.0,338.0,85.0,152.0,213.0,0.4126602564102564,0.812807881773399
986,George,King,13.0,47.13333333333333,4.0,12.0,2.0,3.0,3.0,10.0,75.0,0.0,8.0,8.0,2.0,6.0,0.0,2.0,0.0,0.3333333333333333,0.6666666666666666
987,Kevin,Knox II,137.0,269.6,46.0,113.0,18.0,24.0,27.0,77.0,640.1,15.0,41.0,56.0,13.0,23.0,6.0,10.0,2.0,0.40707964601769914,0.75
995,Yante,Maten,21.0,36.03333333333333,6.0,13.0,9.0,11.0,0.0,1.0,0.0,4.0,9.0,13.0,1.0,5.0,2.0,0.0,2.0,0.46153846153846156,0.8181818181818182
997,Jordan,McLaughlin,276.0,1016.0500000000001,105.0,226.0,33.0,44.0,33.0,95.0,1329.9,22.0,88.0,110.0,200.0,60.0,65.0,41.0,10.0,0.4646017699115044,0.75
998,De'Anthony,Melton,901.0,1921.55,321.0,807.0,99.0,130.0,160.0,442.0,2834.0,74.0,305.0,379.0,225.0,142.0,125.0,129.0,45.0,0.39776951672862454,0.7615384615384615
999,Chimezie,Metu,551.0,1315.8666666666668,210.0,462.0,71.0,91.0,60.0,194.0,1847.5,36.0,309.0,345.0,62.0,95.0,53.0,65.0,32.0,0.45454545454545453,0.7802197802197802
1001,Shake,Milton,518.0,1382.3666666666666,194.0,452.0,77.0,93.0,53.0,153.0,1951.6,34.0,130.0,164.0,159.0,113.0,36.0,53.0,20.0,0.42920353982300885,0.8279569892473119
1007,Kendrick,Nunn,35.0,94.8,14.0,38.0,2.0,2.0,5.0,18.0,82.5,3.0,12.0,15.0,5.0,3.0,0.0,6.0,1.0,0.3684210526315789,1.0
1011,Cameron,Oliver,47.0,111.21666666666667,19.0,38.0,7.0,12.0,2.0,11.0,83.3,9.0,18.0,27.0,8.0,17.0,6.0,6.0,2.0,0.5,0.5833333333333334
1013,Theo,Pinson,69.0,198.46666666666667,20.0,60.0,18.0,20.0,11.0,41.0,315.8,2.0,27.0,29.0,25.0,18.0,6.0,7.0,2.0,0.3333333333333333,0.9
1014,Michael,Porter Jr.,143.0,337.43333333333334,58.0,146.0,8.0,13.0,19.0,68.0,302.6,12.0,64.0,76.0,24.0,23.0,10.0,17.0,2.0,0.3972602739726027,0.6153846153846154
1018,Duncan,Robinson,989.0,2332.0666666666666,333.0,825.0,59.0,71.0,264.0,708.0,3312.0,26.0,207.0,233.0,143.0,234.0,48.0,72.0,18.0,0.4036363636363636,0.8309859154929577
1020,Mitchell,Robinson,616.0,1874.8333333333333,264.0,351.0,88.0,181.0,0.0,0.0,0.0,302.0,325.0,627.0,38.0,198.0,60.0,62.0,133.0,0.7521367521367521,0.4861878453038674
1021,Collin,Sexton,219.0,394.26666666666665,82.0,191.0,38.0,53.0,17.0,60.0,353.6,14.0,29.0,43.0,29.0,26.0,13.0,47.0,0.0,0.4293193717277487,0.7169811320754716
1022,Landry,Shamet,669.0,1716.3666666666668,225.0,564.0,79.0,94.0,140.0,378.0,2834.8,20.0,134.0,154.0,134.0,106.0,38.0,54.0,10.0,0.39893617021276595,0.8404255319148937
1023,Anfernee,Simons,1022.0,1732.2666666666667,365.0,825.0,110.0,123.0,182.0,455.0,2161.6,28.0,127.0,155.0,228.0,114.0,31.0,119.0,7.0,0.44242424242424244,0.8943089430894309
1032,Emanuel,Terry,11.0,43.583333333333336,4.0,15.0,3.0,4.0,0.0,0.0,0.0,15.0,15.0,30.0,2.0,9.0,6.0,6.0,0.0,0.26666666666666666,0.75
1033,Khyri,Thomas,0.0,0.0,0.0,0.0,0.0,0.0,0.0,0.0,0.0,0.0,0.0,0.0,0.0,0.0,0.0,0.0,0.0,,
1036,Jarred,Vanderbilt,569.0,2108.0333333333333,234.0,407.0,99.0,151.0,2.0,16.0,200.0,234.0,468.0,702.0,101.0,207.0,110.0,84.0,48.0,0.5749385749385749,0.6556291390728477
1038,Lonnie,Walker IV,900.0,1732.95,332.0,819.0,118.0,153.0,118.0,379.0,2257.7,18.0,173.0,191.0,164.0,106.0,47.0,76.0,20.0,0.4053724053724054,0.7712418300653595
1043,Johnathan,Williams,2.0,4.133333333333334,1.0,1.0,0.0,0.0,0.0,0.0,0.0,0.0,1.0,1.0,0.0,0.0,0.0,0.0,0.0,1.0,
1044,Kenrich,Williams,363.0,1072.2166666666667,146.0,317.0,30.0,55.0,41.0,121.0,1493.3,75.0,145.0,220.0,108.0,81.0,44.0,46.0,10.0,0.4605678233438486,0.5454545454545454
1045,Robert,Williams III,739.0,2230.75,324.0,453.0,91.0,120.0,0.0,2.0,0.0,282.0,420.0,702.0,140.0,175.0,70.0,75.0,178.0,0.7152317880794702,0.7583333333333333
1046,Trae,Young,2348.0,2978.7166666666667,774.0,1712.0,546.0,608.0,254.0,692.0,2974.2,55.0,265.0,320.0,816.0,147.0,79.0,350.0,9.0,0.45210280373831774,0.8980263157894737
1055,Amida,Brimah,2.0,12.816666666666666,1.0,2.0,0.0,0.0,0.0,0.0,0.0,0.0,6.0,6.0,1.0,1.0,1.0,1.0,3.0,0.5,
1056,Brian,Bowen II,12.0,40.016666666666666,3.0,11.0,4.0,6.0,2.0,5.0,40.0,3.0,5.0,8.0,2.0,4.0,1.0,2.0,0.0,0.2727272727272727,0.6666666666666666
1057,Malik,Newman,15.0,23.28333333333333,5.0,13.0,4.0,4.0,1.0,2.0,100.0,1.0,1.0,2.0,3.0,2.0,0.0,1.0,0.0,0.38461538461538464,1.0
1058,Gary,Trent Jr.,1422.0,2734.6666666666665,498.0,1216.0,200.0,234.0,226.0,606.0,2817.3,28.0,185.0,213.0,151.0,162.0,135.0,78.0,22.0,0.4095394736842105,0.8547008547008547
1067,BJ,Johnson,28.0,78.3,12.0,28.0,0.0,0.0,4.0,12.0,175.0,6.0,13.0,19.0,2.0,5.0,0.0,1.0,1.0,0.42857142857142855,
1069,Chris,Chiozza,87.0,426.4666666666667,30.0,98.0,6.0,8.0,21.0,64.0,799.9,12.0,36.0,48.0,74.0,34.0,16.0,37.0,0.0,0.30612244897959184,0.75
1071,Kaiser,Gates,0.0,0.0,0.0,0.0,0.0,0.0,0.0,0.0,0.0,0.0,0.0,0.0,0.0,0.0,0.0,0.0,0.0,,
1572,London,Perrantes,3.0,18.733333333333334,1.0,4.0,1.0,1.0,0.0,1.0,0.0,0.0,1.0,1.0,3.0,0.0,1.0,3.0,0.0,0.25,1.0
1775,Gabe,Vincent,747.0,2061.983333333333,269.0,661.0,64.0,75.0,145.0,414.0,2573.9,26.0,139.0,165.0,285.0,200.0,75.0,128.0,18.0,0.4069591527987897,0.8533333333333334
1815,Haywood,Highsmith,52.0,194.33333333333334,19.0,53.0,2.0,5.0,12.0,33.0,515.0,12.0,19.0,31.0,9.0,15.0,2.0,6.0,3.0,0.3584905660377358,0.4
1828,Jemerrio,Jones,9.0,36.63333333333333,4.0,6.0,1.0,1.0,0.0,0.0,0.0,8.0,8.0,16.0,5.0,2.0,1.0,4.0,0.0,0.6666666666666666,1.0
1831,Michael,Frazier,17.0,30.1,6.0,16.0,0.0,0.0,5.0,10.0,50.0,0.0,3.0,3.0,3.0,4.0,0.0,3.0,0.0,0.375,
1847,Darius,Bazley,769.0,1992.0,282.0,666.0,121.0,179.0,84.0,279.0,2186.8,73.0,379.0,452.0,101.0,68.0,63.0,93.0,71.0,0.42342342342342343,0.6759776536312849
1851,Jarrell,Brantley,0.0,0.0,0.0,0.0,0.0,0.0,0.0,0.0,0.0,0.0,0.0,0.0,0.0,0.0,0.0,0.0,0.0,,
1854,Nic,Claxton,483.0,1146.0,211.0,307.0,61.0,125.0,0.0,0.0,0.0,107.0,205.0,312.0,51.0,124.0,30.0,44.0,69.0,0.6872964169381107,0.488
1855,Jarrett,Culver,152.0,415.18333333333334,60.0,167.0,17.0,36.0,15.0,62.0,673.3,17.0,48.0,65.0,39.0,50.0,23.0,30.0,7.0,0.3592814371257485,0.4722222222222222
1857,Carsen,Edwards,38.0,112.11666666666667,14.0,46.0,4.0,4.0,6.0,25.0,108.8,2.0,9.0,11.0,17.0,6.0,3.0,8.0,1.0,0.30434782608695654,1.0
1859,Daniel,Gafford,720.0,1540.0833333333333,303.0,440.0,114.0,167.0,0.0,1.0,0.0,163.0,278.0,441.0,69.0,178.0,32.0,69.0,109.0,0.6886363636363636,0.6826347305389222
1860,Darius,Garland,1576.0,2631.1833333333334,581.0,1266.0,227.0,256.0,187.0,491.0,2975.2,40.0,195.0,235.0,616.0,121.0,101.0,274.0,7.0,0.4589257503949447,0.88671875
1861,Kyle,Guy,98.0,249.18333333333334,34.0,91.0,12.0,17.0,18.0,55.0,460.8,7.0,22.0,29.0,24.0,17.0,9.0,20.0,1.0,0.37362637362637363,0.7058823529411765
1864,Jaxson,Hayes,701.0,1535.3833333333332,265.0,435.0,151.0,200.0,20.0,61.0,941.7,120.0,223.0,343.0,46.0,173.0,34.0,60.0,60.0,0.6091954022988506,0.755
1866,Tyler,Herro,1668.0,2666.5833333333335,616.0,1383.0,232.0,265.0,204.0,538.0,3003.5,40.0,373.0,413.0,321.0,120.0,57.0,213.0,15.0,0.44540853217642806,0.8754716981132076
1868,De'Andre,Hunter,874.0,1865.45,316.0,698.0,148.0,191.0,94.0,238.0,2398.1,31.0,181.0,212.0,77.0,180.0,41.0,85.0,23.0,0.45272206303724927,0.774869109947644
1870,Ty,Jerome,373.0,862.0,133.0,353.0,49.0,59.0,58.0,202.0,1368.3,22.0,64.0,86.0,120.0,80.0,32.0,44.0,5.0,0.37677053824362605,0.8305084745762712
1871,Cameron,Johnson,1006.0,2114.95,341.0,732.0,128.0,150.0,196.0,464.0,3479.8,53.0,274.0,327.0,123.0,151.0,66.0,60.0,18.0,0.46584699453551914,0.8533333333333334
1872,Keldon,Johnson,1368.0,2557.1833333333334,505.0,1091.0,195.0,263.0,163.0,418.0,3005.3,82.0,400.0,482.0,173.0,161.0,59.0,99.0,14.0,0.462878093492209,0.7414448669201521
1874,Romeo,Langford,268.0,855.1333333333333,102.0,225.0,26.0,46.0,38.0,100.0,1380.0,32.0,85.0,117.0,24.0,49.0,25.0,20.0,17.0,0.4533333333333333,0.5652173913043478
1875,Nassir,Little,413.0,1112.6166666666666,146.0,324.0,70.0,96.0,51.0,157.0,1238.7,58.0,186.0,244.0,55.0,84.0,25.0,45.0,36.0,0.4506172839506173,0.7291666666666666
1877,Terance,Mann,931.0,2467.0333333333333,357.0,744.0,136.0,173.0,81.0,225.0,3177.5,116.0,333.0,449.0,226.0,191.0,57.0,89.0,26.0,0.4798387096774194,0.7861271676300579
1879,Cody,Martin,577.0,1987.7833333333333,217.0,450.0,77.0,113.0,66.0,172.0,2698.5,87.0,223.0,310.0,189.0,127.0,97.0,71.0,34.0,0.4822222222222222,0.6814159292035398
1880,Jalen,McDaniels,375.0,1029.5833333333333,136.0,297.0,57.0,77.0,46.0,128.0,1866.5,40.0,158.0,198.0,62.0,101.0,29.0,41.0,23.0,0.45791245791245794,0.7402597402597403
1881,Ja,Morant,1898.0,2345.4,695.0,1416.0,401.0,529.0,107.0,317.0,2060.8,93.0,320.0,413.0,494.0,114.0,85.0,244.0,28.0,0.490819209039548,0.7580340264650284
1882,Jaylen,Nowell,571.0,1056.5,213.0,459.0,78.0,99.0,67.0,179.0,2283.2,26.0,111.0,137.0,144.0,79.0,33.0,38.0,12.0,0.46405228758169936,0.7878787878787878
1883,Chuma,Okeke,605.0,1748.7666666666667,216.0,575.0,55.0,65.0,118.0,371.0,2065.6,47.0,300.0,347.0,118.0,95.0,97.0,57.0,42.0,0.37565217391304345,0.8461538461538461
1886,Eric,Paschall,382.0,843.7666666666667,132.0,270.0,72.0,93.0,46.0,127.0,1900.4,31.0,93.0,124.0,40.0,56.0,11.0,31.0,5.0,0.4888888888888889,0.7741935483870968
1887,Jordan,Poole,1887.0,3001.616666666667,643.0,1391.0,324.0,352.0,277.0,752.0,3555.9,45.0,294.0,339.0,402.0,277.0,82.0,248.0,32.0,0.46225736879942486,0.9204545454545454
1888,Kevin,Porter Jr.,1014.0,2023.0166666666667,356.0,866.0,137.0,213.0,165.0,439.0,2347.7,46.0,232.0,278.0,393.0,162.0,74.0,204.0,23.0,0.4110854503464203,0.6431924882629108
1890,Isaiah,Roby,478.0,991.5166666666667,175.0,341.0,82.0,120.0,46.0,105.0,1674.2,76.0,148.0,224.0,74.0,114.0,38.0,44.0,35.0,0.5131964809384164,0.6833333333333333
1896,Matisse,Thybulle,411.0,1842.6166666666668,162.0,329.0,38.0,50.0,49.0,161.0,2238.1,44.0,119.0,163.0,79.0,177.0,124.0,41.0,79.0,0.49240121580547114,0.76
1897,P.J.,Washington,716.0,1880.4,269.0,573.0,60.0,85.0,118.0,324.0,2476.8,87.0,274.0,361.0,150.0,167.0,61.0,85.0,67.0,0.4694589877835951,0.7058823529411765
1898,Tremont,Waters,42.0,172.6,16.0,46.0,2.0,2.0,8.0,25.0,245.0,1.0,18.0,19.0,26.0,16.0,16.0,20.0,0.0,0.34782608695652173,1.0
1899,Quinndary,Weatherspoon,41.0,93.23333333333333,17.0,33.0,5.0,7.0,2.0,6.0,200.0,3.0,13.0,16.0,7.0,17.0,5.0,7.0,1.0,0.5151515151515151,0.7142857142857143
1901,Grant,Williams,832.0,2608.35,277.0,600.0,133.0,153.0,145.0,356.0,3841.6,89.0,291.0,380.0,104.0,276.0,51.0,88.0,77.0,0.46166666666666667,0.869281045751634
1902,Zion,Williamson,0.0,0.0,0.0,0.0,0.0,0.0,0.0,0.0,0.0,0.0,0.0,0.0,0.0,0.0,0.0,0.0,0.0,,
1903,Dylan,Windler,133.0,522.5166666666667,45.0,113.0,17.0,22.0,26.0,80.0,868.3,24.0,76.0,100.0,40.0,50.0,16.0,19.0,4.0,0.39823008849557523,0.7727272727272727
1917,Aric,Holman,5.0,11.066666666666666,1.0,6.0,2.0,2.0,1.0,5.0,20.0,0.0,2.0,2.0,0.0,0.0,0.0,0.0,1.0,0.16666666666666666,1.0
1934,Juan,Toscano-Anderson,320.0,1128.4166666666667,123.0,264.0,41.0,75.0,33.0,108.0,1291.5,30.0,171.0,201.0,152.0,129.0,55.0,85.0,20.0,0.4659090909090909,0.5466666666666666
1948,DaQuan,Jeffries,13.0,29.700000000000003,5.0,12.0,0.0,0.0,3.0,6.0,60.0,0.0,8.0,8.0,3.0,3.0,1.0,0.0,0.0,0.4166666666666667,
2051,Max,Strus,998.0,2256.0,345.0,805.0,60.0,77.0,248.0,626.0,3354.9,43.0,256.0,299.0,136.0,182.0,46.0,83.0,24.0,0.42857142857142855,0.7792207792207793
2077,Zylan,Cheatham,13.0,28.783333333333335,5.0,10.0,2.0,2.0,1.0,3.0,100.0,2.0,3.0,5.0,2.0,0.0,1.0,0.0,0.0,0.5,1.0
2111,Charlie,Brown Jr.,39.0,195.7,14.0,46.0,9.0,11.0,2.0,15.0,133.3,14.0,24.0,38.0,7.0,21.0,10.0,5.0,5.0,0.30434782608695654,0.8181818181818182
2115,Amir,Coffey,667.0,1692.8666666666668,227.0,511.0,111.0,132.0,102.0,275.0,2119.2,28.0,186.0,214.0,134.0,95.0,45.0,52.0,18.0,0.44422700587084146,0.8409090909090909
2131,Louis,King,81.0,156.68333333333334,27.0,77.0,12.0,15.0,15.0,43.0,457.5,2.0,15.0,17.0,10.0,16.0,10.0,2.0,1.0,0.35064935064935066,0.8
2146,Naz,Reid,707.0,1364.7,259.0,533.0,126.0,166.0,63.0,188.0,2573.1,110.0,227.0,337.0,79.0,196.0,45.0,94.0,81.0,0.48592870544090055,0.7590361445783133
2152,Rayjon,Tucker,23.0,89.63333333333334,7.0,12.0,5.0,7.0,4.0,6.0,200.0,4.0,7.0,11.0,10.0,7.0,4.0,1.0,0.0,0.5833333333333334,0.7142857142857143
2160,Moses,Brown,201.0,385.18333333333334,75.0,126.0,51.0,87.0,0.0,0.0,0.0,45.0,106.0,151.0,1.0,58.0,7.0,21.0,19.0,0.5952380952380952,0.5862068965517241
2166,Tyler,Cook,72.0,211.31666666666666,25.0,44.0,22.0,36.0,0.0,0.0,0.0,16.0,41.0,57.0,3.0,30.0,4.0,7.0,4.0,0.5681818181818182,0.6111111111111112
2168,Terence,Davis,372.0,610.7166666666667,134.0,312.0,43.0,52.0,61.0,180.0,952.8,13.0,96.0,109.0,47.0,76.0,32.0,37.0,10.0,0.42948717948717946,0.8269230769230769
2177,John,Konchar,387.0,1446.6,149.0,295.0,33.0,56.0,56.0,141.0,2531.5,97.0,274.0,371.0,125.0,106.0,52.0,33.0,28.0,0.5050847457627119,0.5892857142857143
2182,Keifer,Sykes,200.0,632.65,76.0,208.0,18.0,20.0,30.0,101.0,702.6,9.0,41.0,50.0,69.0,57.0,16.0,39.0,4.0,0.36538461538461536,0.9
2194,Jared,Harper,37.0,42.88333333333333,14.0,26.0,4.0,4.0,5.0,12.0,216.6,2.0,0.0,2.0,14.0,5.0,4.0,2.0,1.0,0.5384615384615384,1.0
2207,Justin,Robinson,113.0,414.48333333333335,41.0,126.0,7.0,12.0,24.0,78.0,745.8,6.0,29.0,35.0,49.0,34.0,14.0,25.0,1.0,0.3253968253968254,0.5833333333333334
2242,Caleb,Martin,618.0,1596.5833333333333,237.0,496.0,73.0,98.0,71.0,186.0,2651.4,81.0,183.0,264.0,76.0,126.0,69.0,61.0,34.0,0.4778225806451613,0.7448979591836735
2325,Armoni,Brooks,353.0,954.8333333333334,119.0,340.0,23.0,28.0,92.0,294.0,1526.5,24.0,92.0,116.0,68.0,80.0,32.0,32.0,11.0,0.35,0.8214285714285714
2327,Garrison,Mathews,662.0,1737.0833333333333,187.0,469.0,146.0,184.0,142.0,394.0,2364.8,32.0,162.0,194.0,64.0,172.0,57.0,42.0,24.0,0.39872068230277186,0.7934782608695652
2387,Devontae,Cacok,71.0,157.05,31.0,46.0,7.0,12.0,2.0,3.0,150.0,8.0,40.0,48.0,9.0,23.0,12.0,5.0,7.0,0.6739130434782609,0.5833333333333334
2388,Jeremiah,Martin,0.0,0.0,0.0,0.0,0.0,0.0,0.0,0.0,0.0,0.0,0.0,0.0,0.0,0.0,0.0,0.0,0.0,,
2392,Dean,Wade,292.0,1036.5,106.0,231.0,25.0,39.0,55.0,152.0,1423.6,37.0,129.0,166.0,60.0,91.0,33.0,20.0,8.0,0.4588744588744589,0.6410256410256411
2404,Javonte,Green,500.0,1656.0833333333333,189.0,358.0,84.0,101.0,38.0,109.0,2006.6,106.0,205.0,311.0,64.0,144.0,83.0,34.0,38.0,0.5279329608938548,0.8316831683168316
2405,Dakota,Mathias,28.0,51.050000000000004,9.0,19.0,4.0,4.0,6.0,15.0,144.4,0.0,7.0,7.0,2.0,4.0,2.0,2.0,1.0,0.47368421052631576,1.0
2417,Hassani,Gravett,88.0,242.21666666666667,31.0,63.0,10.0,12.0,16.0,39.0,491.6,1.0,33.0,34.0,27.0,16.0,7.0,14.0,3.0,0.49206349206349204,0.8333333333333334
2418,Vic,Law,11.0,20.533333333333335,5.0,12.0,0.0,0.0,1.0,6.0,16.7,4.0,5.0,9.0,2.0,0.0,1.0,0.0,0.0,0.4166666666666667,
2423,Matt,Thomas,183.0,498.23333333333335,62.0,153.0,19.0,24.0,40.0,106.0,1430.9,3.0,47.0,50.0,25.0,22.0,9.0,10.0,4.0,0.40522875816993464,0.7916666666666666
2439,Tariq,Owens,0.0,0.0,0.0,0.0,0.0,0.0,0.0,0.0,0.0,0.0,0.0,0.0,0.0,0.0,0.0,0.0,0.0,,
2440,Keljin,Blevins,95.0,387.6333333333333,34.0,117.0,6.0,11.0,21.0,77.0,643.6,16.0,31.0,47.0,19.0,33.0,13.0,20.0,1.0,0.2905982905982906,0.5454545454545454
2466,Daulton,Hommes,32.0,40.75,13.0,24.0,0.0,0.0,6.0,11.0,250.0,4.0,7.0,11.0,2.0,2.0,2.0,1.0,1.0,0.5416666666666666,
2474,Matt,Mooney,10.0,27.55,4.0,8.0,0.0,0.0,2.0,4.0,66.7,1.0,3.0,4.0,3.0,5.0,1.0,7.0,0.0,0.5,
2532,Devin,Cannady,50.0,144.53333333333333,15.0,44.0,5.0,7.0,15.0,37.0,215.39999999999998,1.0,5.0,6.0,10.0,9.0,5.0,5.0,3.0,0.3409090909090909,0.7142857142857143
2563,Cole,Anthony,1124.0,2181.633333333333,379.0,966.0,224.0,261.0,142.0,413.0,2363.1,33.0,345.0,378.0,388.0,180.0,48.0,184.0,20.0,0.39233954451345754,0.8582375478927203
2566,LaMelo,Ball,1603.0,2563.983333333333,573.0,1344.0,225.0,258.0,232.0,606.0,2903.6,116.0,412.0,528.0,604.0,251.0,127.0,258.0,30.0,0.4263392857142857,0.872093023255814
2568,Desmond,Bane,1669.0,2808.0833333333335,608.0,1314.0,171.0,191.0,282.0,639.0,4034.6,55.0,337.0,392.0,249.0,229.0,107.0,137.0,41.0,0.4627092846270928,0.8952879581151832
2569,Saddiq,Bey,1338.0,2742.4333333333334,456.0,1149.0,214.0,258.0,212.0,614.0,2679.3,108.0,343.0,451.0,236.0,130.0,74.0,99.0,16.0,0.3968668407310705,0.8294573643410853
2570,Tyler,Bey,23.0,56.8,8.0,11.0,7.0,10.0,0.0,1.0,0.0,10.0,9.0,19.0,2.0,3.0,3.0,0.0,0.0,0.7272727272727273,0.7
2574,Vernon,Carey Jr.,25.0,63.71666666666667,9.0,18.0,7.0,15.0,0.0,0.0,0.0,9.0,7.0,16.0,1.0,5.0,2.0,5.0,1.0,0.5,0.4666666666666667
2579,Javin,DeLaurier,24.0,84.51666666666667,9.0,15.0,5.0,11.0,1.0,4.0,50.0,8.0,9.0,17.0,2.0,12.0,4.0,2.0,3.0,0.6,0.45454545454545453
2584,Anthony,Edwards,1772.0,2832.366666666667,632.0,1428.0,261.0,328.0,247.0,689.0,2754.8,69.0,315.0,384.0,306.0,198.0,119.0,219.0,55.0,0.4425770308123249,0.7957317073170732
2585,CJ,Elleby,379.0,1292.9166666666667,135.0,345.0,68.0,94.0,41.0,145.0,1831.6,69.0,175.0,244.0,96.0,125.0,41.0,70.0,20.0,0.391304347826087,0.723404255319149
2586,Malik,Fitts,46.0,137.5,16.0,39.0,2.0,2.0,12.0,23.0,730.0,3.0,29.0,32.0,15.0,7.0,1.0,5.0,2.0,0.41025641025641024,1.0
2587,Malachi,Flynn,245.0,662.4666666666667,90.0,234.0,24.0,35.0,41.0,122.0,1233.0,12.0,59.0,71.0,82.0,60.0,26.0,17.0,4.0,0.38461538461538464,0.6857142857142857
2589,Trent,Forrest,207.0,820.7666666666667,81.0,173.0,39.0,50.0,6.0,31.0,358.3,24.0,80.0,104.0,115.0,47.0,33.0,52.0,9.0,0.4682080924855491,0.78
2590,Anthony,Gill,187.0,487.48333333333335,64.0,114.0,44.0,54.0,15.0,30.0,883.3,33.0,56.0,89.0,28.0,59.0,5.0,18.0,11.0,0.5614035087719298,0.8148148148148148
2597,R.J.,Hampton,534.0,1487.1666666666667,190.0,491.0,86.0,130.0,68.0,191.0,2464.6,26.0,192.0,218.0,167.0,106.0,46.0,91.0,14.0,0.3869653767820774,0.6615384615384615
2602,Elijah,Hughes,172.0,541.0166666666667,62.0,187.0,13.0,18.0,35.0,123.0,687.3,6.0,68.0,74.0,32.0,46.0,17.0,27.0,9.0,0.3315508021390374,0.7222222222222222
2604,Isaiah,Joe,270.0,721.55,85.0,217.0,38.0,41.0,62.0,165.0,1858.3,7.0,60.0,67.0,43.0,56.0,21.0,23.0,6.0,0.391705069124424,0.926829268292683
2605,Mason,Jones,31.0,65.81666666666666,9.0,22.0,12.0,15.0,1.0,6.0,100.0,1.0,16.0,17.0,6.0,12.0,3.0,5.0,0.0,0.4090909090909091,0.8
2606,Tre,Jones,417.0,1164.8,167.0,341.0,72.0,93.0,11.0,53.0,450.0,30.0,127.0,157.0,234.0,78.0,43.0,46.0,7.0,0.4897360703812317,0.7741935483870968
2607,Nathan,Knight,157.0,306.18333333333334,51.0,99.0,51.0,73.0,4.0,14.0,233.3,38.0,60.0,98.0,25.0,50.0,9.0,21.0,12.0,0.5151515151515151,0.6986301369863014
2609,Anthony,Lamb,20.0,60.31666666666666,7.0,21.0,0.0,0.0,6.0,19.0,62.2,6.0,9.0,15.0,4.0,5.0,2.0,3.0,2.0,0.3333333333333333,
2610,Saben,Lee,257.0,720.8166666666666,85.0,216.0,67.0,87.0,20.0,72.0,503.8,18.0,81.0,99.0,131.0,51.0,41.0,42.0,13.0,0.39351851851851855,0.7701149425287356
2611,Kira,Lewis Jr.,180.0,470.4,75.0,195.0,13.0,15.0,17.0,75.0,681.0,12.0,48.0,60.0,76.0,22.0,16.0,35.0,3.0,0.38461538461538464,0.8666666666666667
2617,Kenyon,Martin Jr.,731.0,1738.6333333333332,294.0,553.0,82.0,134.0,61.0,174.0,2606.6,90.0,227.0,317.0,108.0,121.0,38.0,67.0,41.0,0.5316455696202531,0.6119402985074627
2620,Skylar,Mays,98.0,272.3833333333333,39.0,80.0,10.0,11.0,10.0,31.0,405.0,7.0,24.0,31.0,23.0,15.0,10.0,12.0,1.0,0.4875,0.9090909090909091
2621,Jaden,McDaniels,730.0,2034.05,284.0,614.0,68.0,85.0,94.0,283.0,2544.4,86.0,240.0,326.0,87.0,258.0,62.0,86.0,65.0,0.46254071661237783,0.8
2626,Aaron,Nesmith,263.0,725.0666666666667,96.0,239.0,29.0,35.0,42.0,150.0,1378.2,22.0,97.0,119.0,30.0,85.0,23.0,42.0,10.0,0.401673640167364,0.8285714285714286
2627,Zeke,Nnaji,294.0,802.2333333333333,105.0,210.0,42.0,69.0,42.0,91.0,2055.6,63.0,108.0,171.0,23.0,91.0,20.0,29.0,16.0,0.5,0.6086956521739131
2628,Jordan,Nwora,580.0,1323.6,223.0,550.0,41.0,51.0,93.0,265.0,1825.0,37.0,212.0,249.0,74.0,81.0,29.0,66.0,17.0,0.40545454545454546,0.803921568627451
2629,Onyeka,Okongwu,423.0,1145.3166666666666,167.0,245.0,89.0,122.0,0.0,0.0,0.0,127.0,196.0,323.0,56.0,177.0,36.0,51.0,64.0,0.6816326530612244,0.7295081967213115
2630,Isaac,Okoro,620.0,2082.65,217.0,456.0,129.0,171.0,57.0,166.0,2229.1,78.0,132.0,210.0,127.0,175.0,61.0,63.0,24.0,0.4758771929824561,0.7543859649122807
2631,Daniel,Oturu,13.0,33.266666666666666,5.0,9.0,3.0,5.0,0.0,1.0,0.0,4.0,5.0,9.0,0.0,1.0,0.0,1.0,3.0,0.5555555555555556,0.6
2634,Myles,Powell,13.0,52.05,5.0,17.0,2.0,2.0,1.0,6.0,100.0,1.0,5.0,6.0,3.0,8.0,1.0,3.0,0.0,0.29411764705882354,1.0
2635,Payton,Pritchard,592.0,1394.7166666666667,217.0,509.0,25.0,27.0,133.0,341.0,3118.6,44.0,153.0,197.0,197.0,89.0,31.0,59.0,10.0,0.4263261296660118,0.9259259259259259
2636,Immanuel,Quickley,923.0,1906.3333333333333,297.0,772.0,185.0,209.0,144.0,424.0,2691.3,34.0,231.0,265.0,298.0,178.0,54.0,105.0,4.0,0.38471502590673573,0.8851674641148325
2638,Paul,Reed,212.0,563.3833333333333,93.0,168.0,21.0,36.0,5.0,16.0,350.0,82.0,97.0,179.0,31.0,105.0,51.0,30.0,27.0,0.5535714285714286,0.5833333333333334
2640,Grant,Riller,7.0,13.933333333333334,3.0,5.0,1.0,2.0,0.0,1.0,0.0,0.0,0.0,0.0,0.0,0.0,0.0,2.0,1.0,0.6,0.5
2642,Nathan,Sestina,0.0,0.0,0.0,0.0,0.0,0.0,0.0,0.0,0.0,0.0,0.0,0.0,0.0,0.0,0.0,0.0,0.0,,
2644,Jalen,Smith,508.0,1009.9833333333333,190.0,383.0,87.0,112.0,41.0,132.0,1166.7,115.0,224.0,339.0,25.0,100.0,17.0,46.0,43.0,0.4960835509138381,0.7767857142857143
2645,Xavier,Sneed,9.0,60.38333333333333,3.0,14.0,2.0,2.0,1.0,9.0,100.0,4.0,8.0,12.0,4.0,4.0,0.0,1.0,0.0,0.21428571428571427,1.0
2646,Cassius,Stanley,71.0,180.58333333333334,26.0,56.0,12.0,14.0,7.0,21.0,200.0,5.0,21.0,26.0,6.0,21.0,6.0,6.0,2.0,0.4642857142857143,0.8571428571428571
2647,Lamar,Stevens,422.0,1114.0166666666667,170.0,356.0,64.0,91.0,18.0,68.0,1083.4,51.0,135.0,186.0,50.0,112.0,32.0,46.0,20.0,0.47752808988764045,0.7032967032967034
2648,Isaiah,Stewart,624.0,1902.8333333333333,265.0,514.0,78.0,109.0,16.0,50.0,858.4,231.0,418.0,649.0,84.0,223.0,22.0,89.0,86.0,0.5155642023346303,0.7155963302752294
2650,Jae'Sean,Tate,937.0,2120.9,370.0,745.0,134.0,188.0,63.0,204.0,2041.9,136.0,294.0,430.0,225.0,295.0,73.0,140.0,43.0,0.4966442953020134,0.7127659574468085
2652,Tyrell,Terry,2.0,3.0500000000000003,1.0,1.0,0.0,0.0,0.0,0.0,0.0,0.0,0.0,0.0,0.0,1.0,0.0,0.0,0.0,1.0,
2653,Jon,Teske,7.0,33.650000000000006,3.0,12.0,0.0,4.0,1.0,4.0,100.0,5.0,6.0,11.0,3.0,3.0,2.0,0.0,2.0,0.25,0.0
2654,Brodric,Thomas,29.0,86.05,12.0,29.0,3.0,5.0,2.0,12.0,200.0,5.0,12.0,17.0,13.0,10.0,2.0,8.0,1.0,0.41379310344827586,0.6
2656,Xavier,Tillman,318.0,936.8166666666667,127.0,271.0,51.0,81.0,13.0,62.0,825.0,86.0,131.0,217.0,79.0,85.0,63.0,50.0,20.0,0.46863468634686345,0.6296296296296297
2658,Obi,Toppin,697.0,1334.8,271.0,519.0,99.0,130.0,56.0,184.0,1444.6,77.0,225.0,302.0,84.0,112.0,30.0,63.0,38.0,0.5221579961464354,0.7615384615384615
2661,Devin,Vassell,941.0,2080.3,350.0,819.0,92.0,108.0,149.0,408.0,2629.1,53.0,283.0,336.0,143.0,158.0,80.0,68.0,45.0,0.42735042735042733,0.8518518518518519
2664,Patrick,Williams,218.0,597.1,78.0,155.0,38.0,52.0,24.0,53.0,815.4,24.0,75.0,99.0,21.0,45.0,16.0,23.0,13.0,0.5032258064516129,0.7307692307692307
2665,Cassius,Winston,14.0,38.96666666666667,4.0,11.0,4.0,4.0,2.0,6.0,150.0,0.0,1.0,1.0,7.0,9.0,0.0,3.0,0.0,0.36363636363636365,1.0
2666,James,Wiseman,0.0,0.0,0.0,0.0,0.0,0.0,0.0,0.0,0.0,0.0,0.0,0.0,0.0,0.0,0.0,0.0,0.0,,
2667,Robert,Woodard II,12.0,61.516666666666666,4.0,22.0,3.0,4.0,1.0,5.0,100.0,10.0,10.0,20.0,4.0,3.0,2.0,3.0,1.0,0.18181818181818182,0.75
2668,Naji,Marshall,403.0,953.2,143.0,346.0,94.0,119.0,23.0,121.0,750.6999999999999,50.0,150.0,200.0,91.0,91.0,41.0,64.0,11.0,0.41329479768786126,0.7899159663865546
2671,Trevelin,Queen,79.0,126.91666666666666,30.0,66.0,7.0,7.0,12.0,34.0,333.3,16.0,13.0,29.0,7.0,16.0,13.0,11.0,2.0,0.45454545454545453,1.0
2672,Nate,Hinton,3.0,35.03333333333333,1.0,8.0,0.0,1.0,1.0,6.0,33.3,0.0,7.0,7.0,2.0,3.0,1.0,4.0,0.0,0.125,0.0
2789,Scottie,Barnes,1234.0,2881.6833333333334,499.0,1021.0,176.0,238.0,60.0,213.0,1653.6,210.0,407.0,617.0,301.0,221.0,89.0,151.0,62.0,0.4887365328109696,0.7394957983193278
2792,Brandon,Boston Jr.,411.0,868.55,148.0,383.0,75.0,90.0,40.0,131.0,1159.4,21.0,104.0,125.0,62.0,54.0,27.0,42.0,15.0,0.38642297650130547,0.8333333333333334
2793,James,Bouknight,205.0,399.45,72.0,192.0,41.0,46.0,20.0,64.0,526.5,24.0,38.0,62.0,30.0,34.0,11.0,25.0,2.0,0.375,0.8913043478260869
2794,Chaundee,Brown Jr.,81.0,183.7,28.0,68.0,13.0,17.0,12.0,30.0,425.0,6.0,19.0,25.0,5.0,10.0,5.0,5.0,0.0,0.4117647058823529,0.7647058823529411
2795,Greg,Brown III,255.0,731.1833333333334,94.0,217.0,47.0,69.0,20.0,70.0,763.6,45.0,124.0,169.0,35.0,97.0,26.0,40.0,29.0,0.43317972350230416,0.6811594202898551
2796,Jared,Butler,215.0,436.3666666666667,83.0,198.0,15.0,22.0,34.0,106.0,1090.5,5.0,45.0,50.0,76.0,59.0,21.0,41.0,8.0,0.41919191919191917,0.6818181818181818
2798,Justin,Champagnie,129.0,395.9,50.0,110.0,16.0,18.0,13.0,42.0,520.0,49.0,63.0,112.0,19.0,48.0,18.0,16.0,8.0,0.45454545454545453,0.8888888888888888
2799,Josh,Christopher,667.0,1442.3,253.0,562.0,98.0,130.0,63.0,216.0,1750.5,55.0,154.0,209.0,162.0,113.0,72.0,133.0,14.0,0.4501779359430605,0.7538461538461538
2800,Sharife,Cooper,35.0,112.05,15.0,41.0,1.0,2.0,4.0,14.0,266.7,1.0,16.0,17.0,18.0,6.0,5.0,14.0,1.0,0.36585365853658536,0.5
2801,Cade,Cunningham,1114.0,2087.9833333333336,429.0,1031.0,142.0,168.0,114.0,363.0,1774.7,58.0,296.0,354.0,356.0,200.0,78.0,234.0,43.0,0.41610087293889425,0.8452380952380952
2802,Ayo,Dosunmu,769.0,2283.2,315.0,618.0,64.0,89.0,75.0,210.0,2615.1,33.0,205.0,238.0,272.0,198.0,66.0,119.0,31.0,0.5097087378640777,0.7191011235955056
2804,David,Duke Jr.,117.0,390.8,43.0,118.0,21.0,28.0,10.0,39.0,416.7,32.0,47.0,79.0,21.0,39.0,17.0,13.0,6.0,0.3644067796610169,0.75
2805,Kessler,Edwards,308.0,1072.4833333333333,118.0,289.0,21.0,24.0,51.0,149.0,1570.0,48.0,134.0,182.0,35.0,90.0,31.0,47.0,28.0,0.4083044982698962,0.875
2807,Luka,Garza,221.0,445.1333333333333,79.0,174.0,45.0,71.0,18.0,59.0,818.6,67.0,57.0,124.0,21.0,64.0,10.0,22.0,8.0,0.4540229885057471,0.6338028169014085
2811,Quentin,Grimes,313.0,842.4,109.0,263.0,13.0,20.0,82.0,209.0,1561.5,26.0,80.0,106.0,49.0,78.0,34.0,32.0,12.0,0.4144486692015209,0.65
2812,Sam,Hauser,91.0,224.75,32.0,72.0,2.0,2.0,25.0,60.0,1113.3,6.0,32.0,38.0,12.0,9.0,2.0,6.0,2.0,0.4444444444444444,1.0
2813,Aaron,Henry,29.0,92.95,12.0,27.0,1.0,1.0,4.0,10.0,160.0,1.0,9.0,10.0,6.0,8.0,8.0,6.0,3.0,0.4444444444444444,1.0
2816,Bones,Hyland,840.0,1564.5166666666667,278.0,682.0,129.0,152.0,155.0,428.0,2586.2,16.0,204.0,220.0,235.0,186.0,47.0,104.0,22.0,0.40762463343108507,0.8486842105263158
2817,Isaiah,Jackson,337.0,618.5,133.0,239.0,64.0,94.0,7.0,26.0,483.3,69.0,101.0,170.0,13.0,109.0,32.0,47.0,63.0,0.5564853556485355,0.6808510638297872
2818,David,Johnson,7.0,27.166666666666668,3.0,10.0,0.0,0.0,1.0,6.0,100.0,1.0,4.0,5.0,3.0,2.0,1.0,4.0,0.0,0.3,
2819,Jalen,Johnson,66.0,191.1,27.0,62.0,8.0,13.0,4.0,18.0,266.7,4.0,35.0,39.0,7.0,11.0,4.0,15.0,5.0,0.43548387096774194,0.6153846153846154
2820,Keon,Johnson,285.0,755.15,101.0,293.0,47.0,61.0,36.0,109.0,796.9,27.0,65.0,92.0,79.0,78.0,31.0,53.0,15.0,0.3447098976109215,0.7704918032786885
2822,Herbert,Jones,868.0,2753.9,321.0,670.0,160.0,195.0,66.0,189.0,2314.3,116.0,230.0,346.0,192.0,282.0,148.0,118.0,74.0,0.4791044776119403,0.8205128205128205
2825,Corey,Kispert,662.0,1893.6833333333334,245.0,548.0,55.0,65.0,117.0,342.0,2323.8,55.0,163.0,218.0,89.0,106.0,38.0,55.0,22.0,0.4470802919708029,0.8461538461538461
2828,Scottie,Lewis,23.0,53.949999999999996,6.0,13.0,10.0,11.0,1.0,1.0,100.0,0.0,4.0,4.0,7.0,4.0,4.0,8.0,5.0,0.46153846153846156,0.9090909090909091
2829,Isaiah,Livers,121.0,383.2,41.0,90.0,12.0,14.0,27.0,64.0,661.2,15.0,42.0,57.0,22.0,37.0,13.0,15.0,7.0,0.45555555555555555,0.8571428571428571
2831,Tre,Mann,657.0,1437.9833333333333,242.0,619.0,72.0,90.0,101.0,285.0,2238.0,30.0,154.0,184.0,96.0,107.0,51.0,81.0,12.0,0.39095315024232635,0.8
2832,Miles,McBride,108.0,408.3833333333333,39.0,120.0,8.0,12.0,22.0,78.0,727.5,5.0,37.0,42.0,46.0,51.0,15.0,8.0,1.0,0.325,0.6666666666666666
2833,Mac,McClung,13.0,47.916666666666664,4.0,16.0,3.0,4.0,2.0,7.0,133.3,1.0,5.0,6.0,3.0,7.0,2.0,4.0,2.0,0.25,0.75
2834,Davion,Mitchell,916.0,2210.9333333333334,373.0,891.0,57.0,87.0,113.0,344.0,2500.1,35.0,139.0,174.0,333.0,155.0,61.0,121.0,27.0,0.4186307519640853,0.6551724137931034
2835,Evan,Mobley,1113.0,2530.6833333333334,455.0,896.0,178.0,268.0,25.0,99.0,1183.2,153.0,470.0,623.0,189.0,170.0,60.0,142.0,126.0,0.5078125,0.664179104477612
2836,Moses,Moody,308.0,806.45,110.0,246.0,33.0,44.0,55.0,143.0,2151.5,22.0,79.0,101.0,33.0,53.0,16.0,23.0,14.0,0.44715447154471544,0.75
2837,Trey,Murphy III,451.0,1147.4,145.0,361.0,60.0,68.0,101.0,246.0,2506.9,57.0,139.0,196.0,51.0,73.0,27.0,22.0,8.0,0.40166204986149584,0.8823529411764706
2840,Jamorko,Pickett,59.0,218.85,22.0,59.0,1.0,2.0,14.0,45.0,424.2,10.0,28.0,38.0,8.0,13.0,0.0,6.0,8.0,0.3728813559322034,0.5
2842,Jason,Preston,15.0,27.116666666666667,6.0,15.0,0.0,0.0,3.0,6.0,50.0,2.0,3.0,5.0,5.0,3.0,0.0,0.0,1.0,0.4,
2845,Austin,Reaves,491.0,1570.5833333333333,161.0,361.0,106.0,125.0,63.0,200.0,1846.4,53.0,159.0,212.0,132.0,103.0,37.0,49.0,22.0,0.44598337950138506,0.848
2846,Jeremiah,Robinson-Earl,397.0,1178.6166666666666,146.0,359.0,45.0,61.0,60.0,182.0,1453.0,80.0,212.0,292.0,59.0,84.0,32.0,41.0,15.0,0.40668523676880225,0.7377049180327869
2848,Day'Ron,Sharpe,213.0,410.3833333333333,91.0,158.0,29.0,48.0,2.0,9.0,150.0,84.0,83.0,167.0,18.0,62.0,12.0,30.0,15.0,0.5759493670886076,0.6041666666666666
2849,Jericho,Sims,111.0,639.0166666666667,47.0,71.0,17.0,35.0,0.0,0.0,0.0,72.0,132.0,204.0,25.0,75.0,14.0,21.0,24.0,0.6619718309859155,0.4857142857142857
2851,Jaden,Springer,39.0,100.03333333333333,17.0,39.0,5.0,6.0,0.0,5.0,0.0,3.0,13.0,16.0,9.0,5.0,3.0,9.0,2.0,0.4358974358974359,0.8333333333333334
2852,Jalen,Suggs,579.0,1374.2833333333333,204.0,570.0,127.0,166.0,44.0,206.0,1012.4,27.0,155.0,182.0,218.0,151.0,61.0,149.0,23.0,0.35789473684210527,0.7650602409638554
2853,Terry,Taylor,330.0,740.85,140.0,229.0,37.0,53.0,13.0,39.0,775.0,99.0,79.0,178.0,42.0,62.0,14.0,23.0,8.0,0.611353711790393,0.6981132075471698
2854,MaCio,Teague,31.0,71.60000000000001,14.0,38.0,2.0,3.0,1.0,8.0,50.0,2.0,5.0,7.0,16.0,9.0,2.0,3.0,0.0,0.3684210526315789,0.6666666666666666
2856,JT,Thor,73.0,294.81666666666666,26.0,67.0,13.0,21.0,8.0,35.0,349.9,11.0,35.0,46.0,21.0,28.0,9.0,12.0,11.0,0.3880597014925373,0.6190476190476191
2857,Isaiah,Todd,33.0,118.38333333333334,12.0,47.0,2.0,6.0,7.0,30.0,230.0,6.0,17.0,23.0,4.0,7.0,4.0,5.0,3.0,0.2553191489361702,0.3333333333333333
2859,Ish,Wainright,137.0,431.1333333333333,51.0,127.0,8.0,14.0,27.0,75.0,1077.5,36.0,42.0,78.0,20.0,56.0,24.0,22.0,7.0,0.4015748031496063,0.5714285714285714
2861,Trendon,Watford,377.0,902.5166666666667,148.0,275.0,72.0,98.0,9.0,39.0,441.7,62.0,147.0,209.0,83.0,118.0,29.0,51.0,28.0,0.5381818181818182,0.7346938775510204
2862,Joe,Wieskamp,78.0,255.98333333333332,26.0,71.0,10.0,18.0,16.0,53.0,581.6,4.0,20.0,24.0,13.0,19.0,5.0,5.0,3.0,0.36619718309859156,0.5555555555555556
2863,Aaron,Wiggins,452.0,1297.4833333333333,169.0,365.0,64.0,88.0,50.0,153.0,1727.7,53.0,134.0,187.0,76.0,96.0,36.0,60.0,13.0,0.46301369863013697,0.7272727272727273
2864,Ziaire,Williams,625.0,1656.8,232.0,534.0,71.0,90.0,90.0,300.0,2128.9,37.0,130.0,167.0,81.0,138.0,45.0,52.0,13.0,0.4344569288389513,0.7888888888888889
2865,McKinley,Wright IV,18.0,67.35,6.0,25.0,2.0,5.0,4.0,11.0,183.3,1.0,6.0,7.0,8.0,1.0,1.0,3.0,2.0,0.24,0.4
2878,Jeff,Dowtin,48.0,176.21666666666667,20.0,63.0,4.0,4.0,4.0,19.0,140.0,11.0,14.0,25.0,20.0,9.0,8.0,7.0,1.0,0.31746031746031744,1.0
2884,DeJon,Jarreau,20.0,52.083333333333336,8.0,20.0,2.0,4.0,2.0,4.0,133.3,2.0,12.0,14.0,6.0,5.0,0.0,6.0,0.0,0.4,0.5
2901,RJ,Nembhard Jr.,28.0,93.86666666666666,12.0,29.0,4.0,6.0,0.0,5.0,0.0,5.0,9.0,14.0,19.0,5.0,2.0,5.0,0.0,0.41379310344827586,0.6666666666666666
2914,Jordan,Schakel,10.0,53.733333333333334,1.0,14.0,7.0,7.0,1.0,9.0,33.3,2.0,10.0,12.0,1.0,3.0,3.0,2.0,0.0,0.07142857142857142,1.0
2917,Javonte,Smart,95.0,305.76666666666665,35.0,102.0,12.0,14.0,13.0,49.0,383.3,7.0,34.0,41.0,26.0,21.0,10.0,20.0,3.0,0.3431372549019608,0.8571428571428571
2922,DJ,Stewart,20.0,77.41666666666667,8.0,12.0,1.0,2.0,3.0,4.0,300.0,3.0,6.0,9.0,1.0,7.0,0.0,3.0,1.0,0.6666666666666666,0.5
2940,Derrick,Alston Jr.,14.0,51.699999999999996,6.0,16.0,0.0,0.0,2.0,8.0,66.7,3.0,8.0,11.0,3.0,2.0,4.0,3.0,1.0,0.375,
2941,Jose,Alvarado,399.0,1027.65,154.0,352.0,49.0,70.0,42.0,138.0,1353.2,31.0,89.0,120.0,174.0,102.0,81.0,52.0,11.0,0.4375,0.7
3067,Feron,Hunt,31.0,86.76666666666667,13.0,25.0,3.0,6.0,2.0,7.0,70.0,4.0,10.0,14.0,4.0,8.0,6.0,3.0,2.0,0.52,0.5
3081,Carlik,Jones,50.0,106.71666666666667,17.0,46.0,13.0,13.0,3.0,6.0,200.0,3.0,16.0,19.0,18.0,3.0,8.0,11.0,2.0,0.3695652173913043,1.0
3091,Braxton,Key,81.0,216.76666666666665,33.0,74.0,9.0,15.0,6.0,22.0,370.0,15.0,42.0,57.0,12.0,28.0,11.0,12.0,13.0,0.44594594594594594,0.6
3154,Daishen,Nix,86.0,287.3833333333333,30.0,76.0,18.0,34.0,8.0,30.0,333.3,7.0,29.0,36.0,44.0,23.0,17.0,28.0,1.0,0.39473684210526316,0.5294117647058824
3195,Matt,Ryan,18.0,26.316666666666666,6.0,17.0,0.0,0.0,6.0,14.0,75.6,1.0,1.0,2.0,0.0,2.0,2.0,3.0,0.0,0.35294117647058826,
3258,MJ,Walker,2.0,19.25,1.0,5.0,0.0,0.0,0.0,2.0,0.0,0.0,1.0,1.0,1.0,2.0,2.0,0.0,0.0,0.2,
3278,Moses,Wright,37.0,91.75,16.0,32.0,4.0,13.0,1.0,8.0,50.0,11.0,15.0,26.0,5.0,10.0,3.0,4.0,7.0,0.5,0.3076923076923077
3380,Malcolm,Hill,72.0,212.06666666666666,24.0,52.0,11.0,14.0,13.0,36.0,413.3,11.0,24.0,35.0,8.0,24.0,7.0,3.0,3.0,0.46153846153846156,0.7857142857142857
3396,Xavier,Moon,58.0,137.36666666666667,25.0,51.0,3.0,5.0,5.0,14.0,258.3,2.0,12.0,14.0,24.0,9.0,7.0,6.0,3.0,0.49019607843137253,0.6
3398,Brandon,Williams,309.0,639.6833333333334,105.0,282.0,68.0,97.0,31.0,106.0,626.1,19.0,55.0,74.0,94.0,52.0,24.0,58.0,10.0,0.3723404255319149,0.7010309278350515
3404,Lindy,Waters III,199.0,465.15,71.0,175.0,4.0,5.0,53.0,146.0,838.8,6.0,67.0,73.0,24.0,31.0,19.0,11.0,8.0,0.4057142857142857,0.8
